sequence_id,order_id,order_type,item_id,item_quantity,order_arrival,assigned_station,assigned_pod,status,order_processed,order_finished
1,-50,1,10,3,0,picker-1,108.0,1,0.0,242.0
2,-49,1,1,8,0,picker-2,72.0,1,0.0,326.0
3,-49,1,167,8,0,picker-2,155.0,1,0.0,349.0
4,-49,1,35,5,0,picker-2,262.0,1,0.0,393.0
5,-49,1,11,8,0,picker-2,223.0,1,0.0,371.0
6,-49,1,34,10,0,picker-2,118.0,1,0.0,438.0
7,-49,1,262,11,0,picker-2,150.0,1,0.0,416.0
8,-48,1,27,3,0,picker-3,58.0,1,0.0,307.0
9,-47,1,317,6,0,picker-1,286.0,1,0.0,102.0
10,-46,1,71,8,0,picker-1,255.0,1,0.0,122.0
11,-45,1,7,2,0,picker-3,287.0,1,0.0,287.0
12,-44,1,188,6,0,picker-1,241.0,1,103.0,312.0
13,-43,1,159,6,0,picker-3,20.0,1,119.0,327.0
14,-43,1,79,10,0,picker-3,70.0,1,119.0,367.0
15,-42,1,30,2,0,picker-1,267.0,1,0.0,179.0
16,-42,1,20,7,0,picker-1,286.0,1,0.0,102.0
17,-42,1,410,2,0,picker-1,221.0,1,0.0,151.0
18,-42,1,42,3,0,picker-1,11.0,1,0.0,207.0
19,-42,1,195,4,0,picker-1,286.0,1,0.0,102.0
20,-42,1,8,12,0,picker-1,108.0,1,0.0,242.0
21,-42,1,323,4,0,picker-1,217.0,1,0.0,70.0
22,-41,1,17,6,0,picker-3,85.0,1,119.0,347.0
23,-40,1,319,6,0,picker-2,53.0,1,0.0,203.0
24,-40,1,29,5,0,picker-2,298.0,1,0.0,226.0
25,-40,1,46,9,0,picker-2,272.0,1,0.0,74.0
26,-40,1,5,6,0,picker-2,44.0,1,0.0,260.0
27,-39,1,89,1,0,picker-1,225.0,1,123.0,365.0
28,-39,1,6,5,0,picker-1,71.0,1,123.0,345.0
29,-39,1,175,6,0,picker-1,5.0,1,123.0,454.0
30,-39,1,143,11,0,picker-1,46.0,1,123.0,385.0
31,-39,1,29,10,0,picker-1,122.0,1,123.0,405.0
32,-38,1,28,4,0,picker-2,44.0,1,0.0,260.0
33,-38,1,138,6,0,picker-2,9.0,1,0.0,282.0
34,-38,1,185,5,0,picker-2,116.0,1,0.0,169.0
35,-38,1,68,7,0,picker-2,297.0,1,0.0,304.0
36,-38,1,7,10,0,picker-2,15.0,1,0.0,141.0
37,-38,1,16,4,0,picker-2,272.0,1,0.0,74.0
38,-38,1,54,6,0,picker-2,194.0,1,0.0,118.0
39,-37,1,7,8,0,picker-1,165.0,1,152.0,477.0
40,-37,1,3,8,0,picker-1,156.0,1,152.0,432.0
41,-37,1,109,7,0,picker-1,171.0,1,152.0,499.0
42,-37,1,8,10,0,picker-1,233.0,1,152.0,521.0
43,-37,1,89,2,0,picker-1,184.0,1,152.0,544.0
44,-37,1,12,11,0,picker-1,245.0,1,313.0,749.0
45,-36,1,5,3,0,picker-2,272.0,1,0.0,74.0
46,-36,1,12,6,0,picker-2,53.0,1,0.0,203.0
47,-36,1,4,6,0,picker-2,44.0,1,0.0,260.0
48,-36,1,155,9,0,picker-2,272.0,1,0.0,74.0
49,-36,1,54,4,0,picker-2,194.0,1,0.0,118.0
50,-35,1,367,4,0,picker-3,55.0,1,159.0,455.0
51,-34,1,29,9,0,picker-2,135.0,1,170.0,483.0
52,-34,1,116,7,0,picker-2,174.0,1,170.0,505.0
53,-34,1,17,8,0,picker-2,147.0,1,170.0,460.0
54,-34,1,52,6,0,picker-2,299.0,1,170.0,594.0
55,-34,1,39,6,0,picker-2,270.0,1,170.0,527.0
56,-33,1,80,11,0,picker-3,65.0,1,0.0,80.0
57,-33,1,162,12,0,picker-3,257.0,1,0.0,118.0
58,-33,1,1,11,0,picker-3,47.0,1,0.0,158.0
59,-32,1,23,12,0,picker-2,292.0,1,204.0,616.0
60,-32,1,18,4,0,picker-2,254.0,1,204.0,572.0
61,-32,1,0,6,0,picker-2,29.0,1,204.0,550.0
62,-31,1,8,11,0,picker-3,4.0,1,222.0,546.0
63,-31,1,28,8,0,picker-3,141.0,1,222.0,526.0
64,-30,1,146,11,0,picker-1,215.0,1,243.0,566.0
65,-29,1,465,5,0,picker-1,180.0,1,243.0,588.0
66,-28,1,3,12,0,picker-2,42.0,1,261.0,639.0
67,-28,1,426,8,0,picker-2,181.0,1,261.0,706.0
68,-28,1,118,5,0,picker-2,283.0,1,261.0,661.0
69,-28,1,8,6,0,picker-2,74.0,1,261.0,683.0
70,-27,1,118,10,0,picker-2,196.0,1,261.0,728.0
71,-26,1,17,4,0,picker-1,110.0,1,265.0,617.0
72,-25,1,118,5,0,picker-3,65.0,1,0.0,80.0
73,-25,1,173,7,0,picker-3,89.0,1,0.0,221.0
74,-25,1,1,12,0,picker-3,257.0,1,0.0,118.0
75,-25,1,175,10,0,picker-3,88.0,1,0.0,138.0
76,-24,1,0,8,0,picker-3,36.0,1,288.0,624.0
77,-24,1,35,9,0,picker-3,32.0,1,288.0,644.0
78,-24,1,31,6,0,picker-3,109.0,1,288.0,685.0
79,-24,1,18,8,0,picker-3,21.0,1,288.0,704.0
80,-24,1,36,10,0,picker-3,106.0,1,288.0,664.0
81,-23,1,34,6,0,picker-2,47.0,1,305.0,817.0
82,-23,1,70,5,0,picker-2,295.0,1,305.0,772.0
83,-23,1,122,7,0,picker-2,288.0,1,305.0,750.0
84,-23,1,40,8,0,picker-2,138.0,1,305.0,795.0
85,-23,1,6,4,0,picker-2,22.0,1,305.0,884.0
86,-23,1,2,8,0,picker-2,88.0,1,305.0,839.0
87,-23,1,175,7,0,picker-2,197.0,1,305.0,861.0
88,-22,1,30,11,0,picker-3,89.0,1,308.0,745.0
89,-21,1,466,6,0,picker-1,269.0,1,313.0,770.0
90,-21,1,184,12,0,picker-1,245.0,1,313.0,749.0
91,-20,1,54,6,0,picker-2,194.0,1,0.0,118.0
92,-20,1,21,5,0,picker-2,194.0,1,0.0,118.0
93,-20,1,186,3,0,picker-2,116.0,1,0.0,169.0
94,-20,1,5,9,0,picker-2,272.0,1,0.0,74.0
95,-19,1,199,9,0,picker-3,6.0,1,348.0,767.0
96,-18,1,244,8,0,picker-3,229.0,1,368.0,795.0
97,-17,1,4,3,0,picker-2,28.0,1,439.0,906.0
98,-17,1,220,6,0,picker-2,78.0,1,439.0,928.0
99,-17,1,36,9,0,picker-2,240.0,1,439.0,951.0
100,-16,1,8,10,0,picker-1,108.0,1,455.0,805.0
101,-16,1,55,7,0,picker-1,224.0,1,455.0,833.0
102,-16,1,48,3,0,picker-1,209.0,1,455.0,853.0
103,-15,1,16,9,0,picker-3,63.0,1,456.0,926.0
104,-15,1,0,2,0,picker-3,58.0,1,456.0,885.0
105,-15,1,11,10,0,picker-3,223.0,1,456.0,865.0
106,-15,1,129,6,0,picker-3,166.0,1,456.0,905.0
107,-15,1,44,5,0,picker-3,297.0,1,456.0,1015.0
108,-15,1,18,10,0,picker-3,298.0,1,456.0,948.0
109,-14,1,206,1,0,picker-3,219.0,1,547.0,970.0
110,-14,1,81,6,0,picker-3,59.0,1,547.0,993.0
111,-14,1,121,2,0,picker-3,24.0,1,547.0,1037.0
112,-13,1,32,2,0,picker-1,107.0,1,567.0,915.0
113,-13,1,221,2,0,picker-1,271.0,1,567.0,981.0
114,-13,1,33,9,0,picker-1,102.0,1,567.0,961.0
115,-13,1,28,4,0,picker-1,44.0,1,567.0,941.0
116,-13,1,146,10,0,picker-1,255.0,1,567.0,1001.0
117,-12,1,19,7,0,picker-1,241.0,1,589.0,1073.0
118,-12,1,13,6,0,picker-1,286.0,1,589.0,1021.0
119,-12,1,3,8,0,picker-1,287.0,1,589.0,1050.0
120,-12,1,116,8,0,picker-1,234.0,1,589.0,1095.0
121,-11,1,1,5,0,picker-3,257.0,1,0.0,118.0
122,-10,1,54,7,0,picker-2,194.0,1,0.0,118.0
123,-10,1,44,8,0,picker-2,53.0,1,0.0,203.0
124,-9,1,18,4,0,picker-1,108.0,1,0.0,242.0
125,-9,1,6,8,0,picker-1,11.0,1,0.0,207.0
126,-9,1,57,4,0,picker-1,267.0,1,0.0,179.0
127,-9,1,24,8,0,picker-1,166.0,1,0.0,264.0
128,-8,1,1,9,0,picker-3,257.0,1,0.0,118.0
129,-7,1,110,8,0,picker-2,211.0,1,595.0,1035.0
130,-6,1,2,4,0,picker-1,221.0,1,0.0,151.0
131,-6,1,14,10,0,picker-1,217.0,1,0.0,70.0
132,-6,1,11,2,0,picker-1,217.0,1,0.0,70.0
133,-6,1,405,1,0,picker-1,217.0,1,0.0,70.0
134,-5,1,41,7,0,picker-2,155.0,1,617.0,1015.0
135,-4,1,13,7,0,picker-1,225.0,1,618.0,1117.0
136,-3,1,414,6,0,picker-3,18.0,1,705.0,1082.0
137,-3,1,308,6,0,picker-3,55.0,1,705.0,1060.0
138,-2,1,51,10,0,picker-2,20.0,1,707.0,1055.0
139,-1,1,36,3,0,picker-2,244.0,1,729.0,1119.0
140,-1,1,13,1,0,picker-2,70.0,1,729.0,1140.0
141,-1,1,27,4,0,picker-2,266.0,1,729.0,1099.0
142,-1,1,425,4,0,picker-2,171.0,1,729.0,1079.0
143,-1,1,1,6,0,picker-2,100.0,1,729.0,1162.0
144,-1,1,2,2,0,picker-2,29.0,1,729.0,1184.0
145,0,1,102,4,360,picker-3,182.0,1,746.0,1134.0
146,0,1,18,6,360,picker-3,254.0,1,746.0,1154.0
147,0,1,24,5,360,picker-3,149.0,1,746.0,1175.0
148,0,1,4,8,360,picker-3,123.0,1,796.0,1350.0
149,0,1,1,6,360,picker-3,72.0,1,746.0,1215.0
150,0,1,7,5,360,picker-3,37.0,1,746.0,1255.0
151,1,1,24,4,360,picker-1,162.0,1,750.0,1196.0
152,1,1,3,4,360,picker-1,156.0,1,750.0,1236.0
153,1,1,4,7,360,picker-1,210.0,1,854.0,1348.0
154,1,1,32,4,360,picker-1,71.0,1,750.0,1216.0
155,1,1,486,8,360,picker-1,80.0,1,750.0,1176.0
156,2,1,18,7,420,picker-3,21.0,1,768.0,1277.0
157,2,1,33,1,420,picker-3,23.0,1,768.0,1235.0
158,3,1,25,12,420,picker-1,137.0,1,771.0,1256.0
159,3,1,36,8,420,picker-1,53.0,1,771.0,1276.0
160,4,1,11,3,420,picker-3,281.0,1,796.0,1300.0
161,4,1,22,4,420,picker-3,10.0,1,796.0,1395.0
162,4,1,99,8,420,picker-3,123.0,1,796.0,1350.0
163,4,1,6,5,420,picker-3,65.0,1,796.0,1322.0
164,4,1,5,11,420,picker-3,294.0,1,796.0,1372.0
165,5,1,239,8,480,picker-1,259.0,1,854.0,1302.0
166,5,1,191,4,480,picker-1,154.0,1,854.0,1322.0
167,5,1,0,9,480,picker-1,210.0,1,854.0,1348.0
168,5,1,6,11,480,picker-1,248.0,0,1349.0,
169,6,1,12,10,480,picker-2,206.0,1,952.0,1455.0
170,6,1,176,7,480,picker-2,26.0,1,885.0,1298.0
171,6,1,2,3,480,picker-2,215.0,1,885.0,1339.0
172,6,1,8,9,480,picker-2,74.0,1,885.0,1382.0
173,6,1,274,9,480,picker-2,5.0,1,885.0,1318.0
174,6,1,21,5,480,picker-2,30.0,1,885.0,1359.0
175,7,1,49,8,480,picker-2,284.0,1,952.0,1405.0
176,7,1,88,5,480,picker-2,184.0,1,952.0,1427.0
177,7,1,13,2,480,picker-2,209.0,0,952.0,
178,7,1,24,3,480,picker-2,206.0,1,952.0,1455.0
179,8,1,36,8,480,picker-1,165.0,1,1002.0,1377.0
180,9,1,97,12,540,picker-2,265.0,0,1036.0,
181,9,1,172,8,540,picker-2,39.0,0,1016.0,
182,9,1,28,1,540,picker-2,176.0,0,1016.0,
183,9,1,7,11,540,picker-2,196.0,0,1016.0,
184,9,1,16,5,540,picker-2,282.0,0,1016.0,
185,10,1,42,6,600,picker-3,11.0,0,1016.0,
186,11,1,87,3,660,picker-2,265.0,0,1036.0,
187,11,1,74,11,660,picker-2,185.0,0,1036.0,
188,11,1,341,6,660,picker-2,31.0,0,1036.0,
189,12,1,97,2,780,picker-3,141.0,1,1038.0,1462.0
190,12,1,35,8,780,picker-3,46.0,0,1038.0,
191,12,1,25,8,780,picker-3,52.0,0,1038.0,
192,12,1,29,12,780,picker-3,263.0,0,1038.0,
193,12,1,5,10,780,picker-3,44.0,0,1038.0,
194,13,1,6,4,780,picker-2,22.0,0,1056.0,
195,13,1,139,4,780,picker-2,33.0,0,1056.0,
196,13,1,3,8,780,picker-2,9.0,0,1056.0,
197,13,1,138,10,780,picker-2,177.0,0,1056.0,
198,13,1,95,2,780,picker-2,292.0,0,1056.0,
199,13,1,399,8,780,picker-2,42.0,0,1056.0,
200,13,1,13,6,780,picker-2,245.0,0,1056.0,
201,14,1,25,4,780,picker-3,120.0,0,1083.0,
202,15,1,45,8,780,picker-1,297.0,0,1096.0,
203,15,1,192,6,780,picker-1,82.0,0,1096.0,
204,15,1,13,5,780,picker-1,28.0,0,1096.0,
205,16,1,18,2,840,picker-1,161.0,0,1118.0,
206,16,1,126,7,840,picker-1,270.0,0,1118.0,
207,16,1,11,8,840,picker-1,231.0,0,1118.0,
208,17,1,132,5,840,picker-2,229.0,0,1185.0,
209,18,1,58,6,900,picker-1,121.0,0,1277.0,
210,19,1,1,9,900,picker-3,102.0,0,1278.0,
211,19,1,36,6,900,picker-3,68.0,0,1278.0,
212,19,1,66,4,900,picker-3,27.0,0,1278.0,
213,19,1,391,6,900,picker-3,,-1,,
214,19,1,2,8,900,picker-3,29.0,0,1278.0,
215,19,1,5,10,900,picker-3,107.0,0,1278.0,
216,20,1,30,10,900,picker-1,290.0,0,1349.0,
217,20,1,39,10,900,picker-1,248.0,0,1349.0,
218,21,1,27,2,900,picker-3,190.0,0,1351.0,
219,21,1,64,3,900,picker-3,43.0,0,1351.0,
220,21,1,20,4,900,picker-3,286.0,0,1351.0,
221,22,1,28,7,960,picker-1,49.0,0,1378.0,
222,22,1,0,6,960,picker-1,110.0,0,1378.0,
223,23,1,17,9,1020,picker-3,85.0,0,1396.0,
224,23,1,27,4,1020,picker-3,298.0,0,1396.0,
225,23,1,7,10,1020,picker-3,66.0,0,1396.0,
226,23,1,43,1,1020,picker-3,295.0,0,1396.0,
227,23,1,28,5,1020,picker-3,157.0,0,1396.0,
228,23,1,187,10,1020,picker-3,169.0,0,1396.0,
229,23,1,29,7,1020,picker-3,202.0,0,1396.0,
230,23,1,73,4,1020,picker-3,21.0,0,1396.0,
231,23,1,97,8,1020,picker-3,92.0,0,1396.0,
232,23,1,85,8,1020,picker-3,90.0,0,1396.0,
233,23,1,2,8,1020,picker-3,88.0,0,1396.0,
234,24,1,30,6,1080,,,-3,,
235,24,1,0,7,1080,,,-3,,
236,24,1,1,9,1080,,,-3,,
237,24,1,13,8,1080,,,-3,,
238,24,1,6,6,1080,,,-3,,
239,25,1,67,9,1080,,,-3,,
240,25,1,31,5,1080,,,-3,,
241,25,1,116,6,1080,,,-3,,
242,25,1,2,10,1080,,,-3,,
243,25,1,37,7,1080,,,-3,,
244,25,1,6,9,1080,,,-3,,
245,26,1,143,4,1080,,,-3,,
246,26,1,160,4,1080,,,-3,,
247,26,1,13,8,1080,,,-3,,
248,26,1,39,6,1080,,,-3,,
249,27,1,8,8,1140,,,-3,,
250,27,1,98,7,1140,,,-3,,
251,27,1,57,9,1140,,,-3,,
252,27,1,265,4,1140,,,-3,,
253,27,1,15,8,1140,,,-3,,
254,27,1,7,4,1140,,,-3,,
255,28,1,49,8,1200,,,-3,,
256,28,1,1,11,1200,,,-3,,
257,28,1,41,9,1200,,,-3,,
258,28,1,152,3,1200,,,-3,,
259,28,1,23,6,1200,,,-3,,
260,28,1,3,8,1200,,,-3,,
261,28,1,59,9,1200,,,-3,,
262,28,1,15,11,1200,,,-3,,
263,29,1,3,4,1200,,,-3,,
264,29,1,25,10,1200,,,-3,,
265,30,1,1,7,1200,,,-3,,
266,30,1,90,7,1200,,,-3,,
267,30,1,145,12,1200,,,-3,,
268,30,1,42,9,1200,,,-3,,
269,30,1,141,10,1200,,,-3,,
270,30,1,136,6,1200,,,-3,,
271,31,1,15,7,1200,,,-3,,
272,31,1,0,1,1200,,,-3,,
273,31,1,23,8,1200,,,-3,,
274,32,1,42,6,1260,,,-3,,
275,32,1,250,9,1260,,,-3,,
276,32,1,39,9,1260,,,-3,,
277,32,1,26,2,1260,,,-3,,
278,32,1,40,2,1260,,,-3,,
279,33,1,85,4,1320,,,-3,,
280,33,1,26,8,1320,,,-3,,
281,33,1,312,9,1320,,,-3,,
282,34,1,69,9,1320,,,-3,,
283,35,1,24,9,1320,,,-3,,
284,36,1,140,6,1320,,,-3,,
285,36,1,87,7,1320,,,-3,,
286,36,1,11,6,1320,,,-3,,
287,36,1,25,3,1320,,,-3,,
288,36,1,13,8,1320,,,-3,,
289,36,1,447,2,1320,,,-3,,
290,36,1,37,4,1320,,,-3,,
291,37,1,27,12,1380,,,-3,,
292,37,1,14,10,1380,,,-3,,
293,37,1,31,4,1380,,,-3,,
294,38,1,4,2,1440,,,-3,,
295,38,1,407,6,1440,,,-3,,
296,39,1,47,9,1500,,,-3,,
297,39,1,22,8,1500,,,-3,,
298,39,1,104,9,1500,,,-3,,
299,40,1,37,2,1500,,,-3,,
300,40,1,13,5,1500,,,-3,,
301,40,1,25,3,1500,,,-3,,
302,40,1,99,12,1500,,,-3,,
303,40,1,26,10,1500,,,-3,,
304,41,1,126,9,1560,,,-3,,
305,41,1,0,4,1560,,,-3,,
306,41,1,4,6,1560,,,-3,,
307,42,1,45,5,1560,,,-3,,
308,43,1,16,6,1680,,,-3,,
309,44,1,14,2,1680,,,-3,,
310,45,1,1,1,1740,,,-3,,
311,45,1,31,6,1740,,,-3,,
312,45,1,114,9,1740,,,-3,,
313,46,1,14,5,1740,,,-3,,
314,46,1,146,4,1740,,,-3,,
315,47,1,180,8,1740,,,-3,,
316,47,1,163,7,1740,,,-3,,
317,47,1,41,6,1740,,,-3,,
318,48,1,28,6,1800,,,-3,,
319,48,1,344,3,1800,,,-3,,
320,48,1,0,6,1800,,,-3,,
321,48,1,2,4,1800,,,-3,,
322,48,1,46,4,1800,,,-3,,
323,48,1,33,12,1800,,,-3,,
324,48,1,56,12,1800,,,-3,,
325,48,1,35,4,1800,,,-3,,
326,48,1,114,11,1800,,,-3,,
327,48,1,106,8,1800,,,-3,,
328,48,1,192,9,1800,,,-3,,
329,48,1,4,1,1800,,,-3,,
330,48,1,17,6,1800,,,-3,,
331,49,1,32,6,1860,,,-3,,
332,49,1,0,5,1860,,,-3,,
333,49,1,13,2,1860,,,-3,,
334,49,1,11,4,1860,,,-3,,
335,50,1,152,4,1860,,,-3,,
336,50,1,158,10,1860,,,-3,,
337,50,1,12,6,1860,,,-3,,
338,50,1,31,4,1860,,,-3,,
339,50,1,1,9,1860,,,-3,,
340,51,1,38,4,1920,,,-3,,
341,51,1,179,8,1920,,,-3,,
342,52,1,49,8,1920,,,-3,,
343,53,1,26,10,1920,,,-3,,
344,54,1,480,6,2100,,,-3,,
345,54,1,0,6,2100,,,-3,,
346,55,1,33,5,2100,,,-3,,
347,56,1,12,10,2100,,,-3,,
348,57,1,39,12,2160,,,-3,,
349,57,1,126,6,2160,,,-3,,
350,58,1,15,4,2220,,,-3,,
351,58,1,16,2,2220,,,-3,,
352,58,1,126,8,2220,,,-3,,
353,58,1,6,10,2220,,,-3,,
354,58,1,377,2,2220,,,-3,,
355,58,1,175,8,2220,,,-3,,
356,58,1,7,7,2220,,,-3,,
357,58,1,11,9,2220,,,-3,,
358,58,1,12,7,2220,,,-3,,
359,58,1,342,7,2220,,,-3,,
360,59,1,53,7,2220,,,-3,,
361,60,1,176,4,2280,,,-3,,
362,61,1,29,6,2280,,,-3,,
363,61,1,358,4,2280,,,-3,,
364,61,1,222,7,2280,,,-3,,
365,61,1,42,9,2280,,,-3,,
366,62,1,1,9,2340,,,-3,,
367,63,1,126,10,2340,,,-3,,
368,63,1,6,3,2340,,,-3,,
369,63,1,45,10,2340,,,-3,,
370,63,1,9,6,2340,,,-3,,
371,63,1,29,8,2340,,,-3,,
372,63,1,223,2,2340,,,-3,,
373,63,1,75,6,2340,,,-3,,
374,63,1,180,7,2340,,,-3,,
375,63,1,404,8,2340,,,-3,,
376,63,1,3,8,2340,,,-3,,
377,64,1,195,8,2460,,,-3,,
378,64,1,6,11,2460,,,-3,,
379,64,1,34,7,2460,,,-3,,
380,64,1,143,11,2460,,,-3,,
381,64,1,176,4,2460,,,-3,,
382,64,1,130,2,2460,,,-3,,
383,64,1,236,9,2460,,,-3,,
384,64,1,19,10,2460,,,-3,,
385,64,1,36,8,2460,,,-3,,
386,64,1,13,2,2460,,,-3,,
387,65,1,440,9,2520,,,-3,,
388,65,1,34,9,2520,,,-3,,
389,66,1,38,6,2520,,,-3,,
390,66,1,4,8,2520,,,-3,,
391,66,1,24,2,2520,,,-3,,
392,67,1,47,9,2520,,,-3,,
393,67,1,22,5,2520,,,-3,,
394,67,1,36,7,2520,,,-3,,
395,67,1,41,1,2520,,,-3,,
396,68,1,192,7,2520,,,-3,,
397,68,1,157,8,2520,,,-3,,
398,68,1,9,9,2520,,,-3,,
399,69,1,108,10,2580,,,-3,,
400,69,1,169,1,2580,,,-3,,
401,69,1,61,2,2580,,,-3,,
402,70,1,40,10,2580,,,-3,,
403,70,1,85,7,2580,,,-3,,
404,71,1,303,10,2580,,,-3,,
405,71,1,41,2,2580,,,-3,,
406,71,1,42,2,2580,,,-3,,
407,71,1,76,6,2580,,,-3,,
408,72,1,143,9,2640,,,-3,,
409,72,1,101,8,2640,,,-3,,
410,73,1,166,6,2640,,,-3,,
411,73,1,0,4,2640,,,-3,,
412,74,1,167,10,2700,,,-3,,
413,74,1,6,6,2700,,,-3,,
414,74,1,37,10,2700,,,-3,,
415,74,1,186,11,2700,,,-3,,
416,74,1,278,6,2700,,,-3,,
417,75,1,7,9,2760,,,-3,,
418,75,1,2,6,2760,,,-3,,
419,75,1,383,12,2760,,,-3,,
420,75,1,41,4,2760,,,-3,,
421,75,1,33,4,2760,,,-3,,
422,75,1,43,8,2760,,,-3,,
423,75,1,285,4,2760,,,-3,,
424,75,1,24,10,2760,,,-3,,
425,75,1,25,2,2760,,,-3,,
426,76,1,19,8,2760,,,-3,,
427,77,1,316,11,2820,,,-3,,
428,78,1,73,6,2880,,,-3,,
429,79,1,9,9,2880,,,-3,,
430,79,1,13,10,2880,,,-3,,
431,80,1,43,4,2940,,,-3,,
432,81,1,120,3,2940,,,-3,,
433,82,1,66,6,2940,,,-3,,
434,83,1,7,4,3000,,,-3,,
435,83,1,19,7,3000,,,-3,,
436,84,1,25,7,3060,,,-3,,
437,84,1,32,5,3060,,,-3,,
438,84,1,0,5,3060,,,-3,,
439,85,1,188,12,3060,,,-3,,
440,85,1,112,7,3060,,,-3,,
441,85,1,73,5,3060,,,-3,,
442,86,1,48,6,3120,,,-3,,
443,87,1,8,8,3120,,,-3,,
444,87,1,9,12,3120,,,-3,,
445,87,1,12,6,3120,,,-3,,
446,88,1,396,10,3180,,,-3,,
447,88,1,41,8,3180,,,-3,,
448,88,1,161,10,3180,,,-3,,
449,88,1,23,4,3180,,,-3,,
450,88,1,166,12,3180,,,-3,,
451,88,1,329,12,3180,,,-3,,
452,88,1,0,12,3180,,,-3,,
453,88,1,30,8,3180,,,-3,,
454,88,1,46,2,3180,,,-3,,
455,89,1,47,10,3240,,,-3,,
456,89,1,11,2,3240,,,-3,,
457,89,1,18,10,3240,,,-3,,
458,89,1,158,9,3240,,,-3,,
459,89,1,209,4,3240,,,-3,,
460,89,1,4,8,3240,,,-3,,
461,90,1,57,7,3300,,,-3,,
462,90,1,72,9,3300,,,-3,,
463,90,1,14,2,3300,,,-3,,
464,90,1,20,2,3300,,,-3,,
465,90,1,178,6,3300,,,-3,,
466,91,1,192,8,3300,,,-3,,
467,91,1,110,5,3300,,,-3,,
468,91,1,42,6,3300,,,-3,,
469,92,1,126,6,3300,,,-3,,
470,92,1,27,7,3300,,,-3,,
471,93,1,36,4,3360,,,-3,,
472,93,1,21,9,3360,,,-3,,
473,93,1,56,10,3360,,,-3,,
474,93,1,3,6,3360,,,-3,,
475,93,1,342,4,3360,,,-3,,
476,93,1,154,2,3360,,,-3,,
477,93,1,103,6,3360,,,-3,,
478,93,1,29,7,3360,,,-3,,
479,93,1,91,4,3360,,,-3,,
480,93,1,0,12,3360,,,-3,,
481,93,1,20,7,3360,,,-3,,
482,94,1,16,9,3360,,,-3,,
483,94,1,179,12,3360,,,-3,,
484,94,1,1,9,3360,,,-3,,
485,95,1,22,9,3420,,,-3,,
486,95,1,110,4,3420,,,-3,,
487,95,1,258,4,3420,,,-3,,
488,95,1,41,8,3420,,,-3,,
489,95,1,55,5,3420,,,-3,,
490,96,1,13,10,3420,,,-3,,
491,96,1,24,1,3420,,,-3,,
492,97,1,8,2,3420,,,-3,,
493,97,1,138,10,3420,,,-3,,
494,97,1,68,7,3420,,,-3,,
495,98,1,8,8,3540,,,-3,,
496,98,1,26,12,3540,,,-3,,
497,98,1,88,8,3540,,,-3,,
498,99,1,70,7,3240,,,-3,,
499,100,1,1,7,3300,,,-3,,
500,101,1,4,6,3300,,,-3,,
501,101,1,158,7,3300,,,-3,,
502,102,1,7,6,3300,,,-3,,
503,102,1,23,2,3300,,,-3,,
504,103,1,35,6,3300,,,-3,,
505,103,1,120,8,3300,,,-3,,
506,103,1,22,4,3300,,,-3,,
507,103,1,342,5,3300,,,-3,,
508,103,1,14,4,3300,,,-3,,
509,104,1,29,10,3300,,,-3,,
510,104,1,18,1,3300,,,-3,,
511,105,1,12,4,3360,,,-3,,
512,105,1,0,6,3360,,,-3,,
513,106,1,206,10,3360,,,-3,,
514,106,1,2,3,3360,,,-3,,
515,106,1,43,5,3360,,,-3,,
516,106,1,480,5,3360,,,-3,,
517,106,1,20,6,3360,,,-3,,
518,106,1,105,7,3360,,,-3,,
519,106,1,0,8,3360,,,-3,,
520,106,1,13,11,3360,,,-3,,
521,106,1,5,8,3360,,,-3,,
522,106,1,63,9,3360,,,-3,,
523,106,1,14,3,3360,,,-3,,
524,107,1,169,3,3360,,,-3,,
525,107,1,132,10,3360,,,-3,,
526,107,1,38,2,3360,,,-3,,
527,107,1,476,12,3360,,,-3,,
528,108,1,46,10,3420,,,-3,,
529,108,1,3,1,3420,,,-3,,
530,108,1,63,7,3420,,,-3,,
531,108,1,78,6,3420,,,-3,,
532,109,1,33,10,3420,,,-3,,
533,109,1,352,6,3420,,,-3,,
534,109,1,45,9,3420,,,-3,,
535,109,1,36,9,3420,,,-3,,
536,110,1,17,3,3420,,,-3,,
537,111,1,5,8,3480,,,-3,,
538,111,1,301,6,3480,,,-3,,
539,112,1,20,1,3480,,,-3,,
540,113,1,0,6,3480,,,-3,,
541,113,1,4,8,3480,,,-3,,
542,114,1,127,7,3540,,,-3,,
543,114,1,24,10,3540,,,-3,,
544,114,1,97,9,3540,,,-3,,
545,114,1,43,5,3540,,,-3,,
546,114,1,9,9,3540,,,-3,,
547,114,1,13,12,3540,,,-3,,
548,114,1,80,7,3540,,,-3,,
549,115,1,39,9,3540,,,-3,,
550,115,1,15,12,3540,,,-3,,
551,116,1,39,8,3600,,,-3,,
552,116,1,170,3,3600,,,-3,,
553,116,1,214,7,3600,,,-3,,
554,117,1,0,4,3660,,,-3,,
555,118,1,202,7,3660,,,-3,,
556,118,1,2,6,3660,,,-3,,
557,118,1,86,5,3660,,,-3,,
558,118,1,22,7,3660,,,-3,,
559,118,1,0,4,3660,,,-3,,
560,118,1,27,4,3660,,,-3,,
561,119,1,29,2,3720,,,-3,,
562,120,1,270,6,3840,,,-3,,
563,120,1,131,10,3840,,,-3,,
564,121,1,14,6,3840,,,-3,,
565,122,1,1,10,3900,,,-3,,
566,122,1,56,8,3900,,,-3,,
567,123,1,23,5,3900,,,-3,,
568,124,1,146,6,3960,,,-3,,
569,124,1,31,6,3960,,,-3,,
570,124,1,1,4,3960,,,-3,,
571,124,1,41,4,3960,,,-3,,
572,124,1,5,12,3960,,,-3,,
573,124,1,154,4,3960,,,-3,,
574,125,1,274,6,4020,,,-3,,
575,125,1,154,2,4020,,,-3,,
576,125,1,0,8,4020,,,-3,,
577,126,1,29,10,4020,,,-3,,
578,127,1,152,4,4080,,,-3,,
579,127,1,2,3,4080,,,-3,,
580,127,1,20,7,4080,,,-3,,
581,128,1,35,10,4080,,,-3,,
582,128,1,1,9,4080,,,-3,,
583,129,1,99,5,4140,,,-3,,
584,129,1,30,2,4140,,,-3,,
585,129,1,2,4,4140,,,-3,,
586,129,1,0,2,4140,,,-3,,
587,129,1,8,4,4140,,,-3,,
588,130,1,6,3,4200,,,-3,,
589,130,1,52,10,4200,,,-3,,
590,130,1,4,9,4200,,,-3,,
591,130,1,93,6,4200,,,-3,,
592,130,1,22,4,4200,,,-3,,
593,130,1,21,4,4200,,,-3,,
594,130,1,292,6,4200,,,-3,,
595,130,1,256,3,4200,,,-3,,
596,131,1,5,4,4200,,,-3,,
597,132,1,15,2,4260,,,-3,,
598,133,1,85,6,4260,,,-3,,
599,133,1,5,7,4260,,,-3,,
600,134,1,37,2,4440,,,-3,,
601,134,1,35,7,4440,,,-3,,
602,134,1,30,9,4440,,,-3,,
603,135,1,35,3,4440,,,-3,,
604,135,1,7,4,4440,,,-3,,
605,135,1,6,8,4440,,,-3,,
606,135,1,44,10,4440,,,-3,,
607,135,1,26,10,4440,,,-3,,
608,136,1,180,10,4500,,,-3,,
609,136,1,17,5,4500,,,-3,,
610,137,1,86,4,4500,,,-3,,
611,137,1,17,8,4500,,,-3,,
612,137,1,45,4,4500,,,-3,,
613,137,1,0,7,4500,,,-3,,
614,137,1,16,8,4500,,,-3,,
615,137,1,13,11,4500,,,-3,,
616,138,1,33,7,4500,,,-3,,
617,138,1,185,5,4500,,,-3,,
618,138,1,17,9,4500,,,-3,,
619,138,1,16,8,4500,,,-3,,
620,138,1,13,6,4500,,,-3,,
621,139,1,80,8,4500,,,-3,,
622,139,1,44,8,4500,,,-3,,
623,139,1,368,12,4500,,,-3,,
624,139,1,30,4,4500,,,-3,,
625,140,1,60,8,4560,,,-3,,
626,140,1,30,8,4560,,,-3,,
627,140,1,167,12,4560,,,-3,,
628,140,1,4,6,4560,,,-3,,
629,140,1,3,8,4560,,,-3,,
630,140,1,32,10,4560,,,-3,,
631,141,1,4,3,4620,,,-3,,
632,141,1,136,10,4620,,,-3,,
633,141,1,33,4,4620,,,-3,,
634,141,1,66,6,4620,,,-3,,
635,141,1,2,11,4620,,,-3,,
636,141,1,344,10,4620,,,-3,,
637,141,1,62,4,4620,,,-3,,
638,141,1,180,12,4620,,,-3,,
639,142,1,190,6,4800,,,-3,,
640,142,1,155,9,4800,,,-3,,
641,142,1,0,4,4800,,,-3,,
642,142,1,26,6,4800,,,-3,,
643,142,1,27,10,4800,,,-3,,
644,142,1,11,11,4800,,,-3,,
645,142,1,61,8,4800,,,-3,,
646,142,1,28,12,4800,,,-3,,
647,143,1,56,11,4800,,,-3,,
648,143,1,263,2,4800,,,-3,,
649,143,1,7,8,4800,,,-3,,
650,143,1,273,8,4800,,,-3,,
651,144,1,469,8,4800,,,-3,,
652,144,1,14,6,4800,,,-3,,
653,144,1,25,6,4800,,,-3,,
654,144,1,3,9,4800,,,-3,,
655,144,1,4,4,4800,,,-3,,
656,145,1,96,8,4800,,,-3,,
657,145,1,162,10,4800,,,-3,,
658,145,1,47,6,4800,,,-3,,
659,145,1,21,7,4800,,,-3,,
660,145,1,174,8,4800,,,-3,,
661,145,1,67,7,4800,,,-3,,
662,145,1,7,6,4800,,,-3,,
663,145,1,8,5,4800,,,-3,,
664,145,1,39,10,4800,,,-3,,
665,145,1,414,6,4800,,,-3,,
666,145,1,22,6,4800,,,-3,,
667,145,1,126,4,4800,,,-3,,
668,146,1,39,6,4860,,,-3,,
669,146,1,0,8,4860,,,-3,,
670,146,1,10,11,4860,,,-3,,
671,146,1,154,4,4860,,,-3,,
672,146,1,18,1,4860,,,-3,,
673,146,1,100,8,4860,,,-3,,
674,147,1,16,6,4860,,,-3,,
675,147,1,2,2,4860,,,-3,,
676,147,1,62,4,4860,,,-3,,
677,147,1,66,4,4860,,,-3,,
678,147,1,139,10,4860,,,-3,,
679,148,1,347,6,4860,,,-3,,
680,148,1,163,2,4860,,,-3,,
681,148,1,6,5,4860,,,-3,,
682,148,1,97,7,4860,,,-3,,
683,149,1,143,6,4920,,,-3,,
684,149,1,9,6,4920,,,-3,,
685,149,1,57,6,4920,,,-3,,
686,150,1,33,8,4920,,,-3,,
687,151,1,370,10,4920,,,-3,,
688,151,1,115,8,4920,,,-3,,
689,151,1,451,5,4920,,,-3,,
690,152,1,34,8,4920,,,-3,,
691,152,1,12,7,4920,,,-3,,
692,152,1,2,6,4920,,,-3,,
693,152,1,1,6,4920,,,-3,,
694,153,1,275,5,4980,,,-3,,
695,153,1,0,10,4980,,,-3,,
696,154,1,1,8,4980,,,-3,,
697,155,1,12,10,5040,,,-3,,
698,155,1,73,7,5040,,,-3,,
699,155,1,0,6,5040,,,-3,,
700,155,1,168,4,5040,,,-3,,
701,156,1,18,9,5040,,,-3,,
702,156,1,162,5,5040,,,-3,,
703,156,1,267,2,5040,,,-3,,
704,156,1,2,7,5040,,,-3,,
705,157,1,39,8,5040,,,-3,,
706,158,1,180,6,5040,,,-3,,
707,158,1,3,6,5040,,,-3,,
708,159,1,4,4,5100,,,-3,,
709,160,1,341,4,5160,,,-3,,
710,161,1,12,9,5160,,,-3,,
711,161,1,24,6,5160,,,-3,,
712,161,1,5,5,5160,,,-3,,
713,162,1,110,2,5160,,,-3,,
714,163,1,44,12,5160,,,-3,,
715,163,1,4,8,5160,,,-3,,
716,163,1,15,2,5160,,,-3,,
717,163,1,23,10,5160,,,-3,,
718,163,1,46,8,5160,,,-3,,
719,163,1,119,7,5160,,,-3,,
720,163,1,13,4,5160,,,-3,,
721,164,1,59,4,5220,,,-3,,
722,164,1,9,4,5220,,,-3,,
723,165,1,12,5,5280,,,-3,,
724,166,1,334,2,5280,,,-3,,
725,166,1,154,6,5280,,,-3,,
726,166,1,1,4,5280,,,-3,,
727,166,1,15,8,5280,,,-3,,
728,166,1,12,5,5280,,,-3,,
729,166,1,139,4,5280,,,-3,,
730,166,1,173,3,5280,,,-3,,
731,166,1,22,6,5280,,,-3,,
732,167,1,8,12,5400,,,-3,,
733,167,1,3,10,5400,,,-3,,
734,168,1,22,9,5400,,,-3,,
735,168,1,416,6,5400,,,-3,,
736,169,1,9,11,5460,,,-3,,
737,169,1,265,2,5460,,,-3,,
738,170,1,16,8,5460,,,-3,,
739,170,1,17,6,5460,,,-3,,
740,170,1,1,6,5460,,,-3,,
741,170,1,9,7,5460,,,-3,,
742,170,1,25,8,5460,,,-3,,
743,170,1,32,7,5460,,,-3,,
744,171,1,10,6,5460,,,-3,,
745,172,1,47,2,5460,,,-3,,
746,172,1,104,11,5460,,,-3,,
747,173,1,44,8,5460,,,-3,,
748,174,1,169,3,5520,,,-3,,
749,174,1,23,8,5520,,,-3,,
750,175,1,30,6,5520,,,-3,,
751,175,1,36,8,5520,,,-3,,
752,175,1,21,7,5520,,,-3,,
753,175,1,4,4,5520,,,-3,,
754,175,1,2,2,5520,,,-3,,
755,175,1,55,6,5520,,,-3,,
756,175,1,71,4,5520,,,-3,,
757,175,1,25,10,5520,,,-3,,
758,176,1,4,5,5520,,,-3,,
759,177,1,491,6,5520,,,-3,,
760,177,1,380,2,5520,,,-3,,
761,177,1,83,6,5520,,,-3,,
762,177,1,106,10,5520,,,-3,,
763,177,1,128,8,5520,,,-3,,
764,177,1,0,9,5520,,,-3,,
765,177,1,14,6,5520,,,-3,,
766,177,1,6,10,5520,,,-3,,
767,177,1,5,8,5520,,,-3,,
768,177,1,15,9,5520,,,-3,,
769,178,1,275,6,5580,,,-3,,
770,178,1,4,10,5580,,,-3,,
771,178,1,482,2,5580,,,-3,,
772,179,1,42,4,5580,,,-3,,
773,179,1,31,8,5580,,,-3,,
774,179,1,46,9,5580,,,-3,,
775,179,1,192,6,5580,,,-3,,
776,180,1,95,6,5580,,,-3,,
777,180,1,10,7,5580,,,-3,,
778,180,1,7,11,5580,,,-3,,
779,180,1,20,5,5580,,,-3,,
780,180,1,164,2,5580,,,-3,,
781,180,1,2,9,5580,,,-3,,
782,180,1,8,10,5580,,,-3,,
783,180,1,188,2,5580,,,-3,,
784,181,1,26,9,5580,,,-3,,
785,182,1,126,10,5580,,,-3,,
786,182,1,11,7,5580,,,-3,,
787,182,1,3,4,5580,,,-3,,
788,183,1,486,12,5580,,,-3,,
789,184,1,2,10,5640,,,-3,,
790,184,1,36,8,5640,,,-3,,
791,184,1,12,9,5640,,,-3,,
792,184,1,141,6,5640,,,-3,,
793,184,1,38,10,5640,,,-3,,
794,184,1,10,12,5640,,,-3,,
795,184,1,48,6,5640,,,-3,,
796,184,1,435,8,5640,,,-3,,
797,184,1,9,10,5640,,,-3,,
798,185,1,90,7,5640,,,-3,,
799,186,1,138,7,5700,,,-3,,
800,186,1,9,4,5700,,,-3,,
801,186,1,1,3,5700,,,-3,,
802,187,1,22,4,5700,,,-3,,
803,187,1,302,7,5700,,,-3,,
804,188,1,36,6,5700,,,-3,,
805,188,1,55,4,5700,,,-3,,
806,189,1,44,8,5700,,,-3,,
807,189,1,144,10,5700,,,-3,,
808,189,1,6,3,5700,,,-3,,
809,189,1,3,8,5700,,,-3,,
810,190,1,4,12,5760,,,-3,,
811,190,1,40,10,5760,,,-3,,
812,190,1,88,4,5760,,,-3,,
813,190,1,68,12,5760,,,-3,,
814,191,1,42,4,5820,,,-3,,
815,192,1,40,10,5820,,,-3,,
816,192,1,6,10,5820,,,-3,,
817,193,1,3,8,5820,,,-3,,
818,193,1,12,4,5820,,,-3,,
819,193,1,0,6,5820,,,-3,,
820,194,1,21,2,5880,,,-3,,
821,194,1,102,12,5880,,,-3,,
822,195,1,30,8,5940,,,-3,,
823,195,1,22,10,5940,,,-3,,
824,195,1,24,9,5940,,,-3,,
825,195,1,4,7,5940,,,-3,,
826,195,1,134,6,5940,,,-3,,
827,195,1,39,6,5940,,,-3,,
828,196,1,24,12,6120,,,-3,,
829,196,1,7,10,6120,,,-3,,
830,196,1,43,5,6120,,,-3,,
831,197,1,17,9,6180,,,-3,,
832,197,1,139,7,6180,,,-3,,
833,197,1,368,6,6180,,,-3,,
834,197,1,98,6,6180,,,-3,,
835,197,1,9,2,6180,,,-3,,
836,197,1,45,5,6180,,,-3,,
837,197,1,30,2,6180,,,-3,,
838,197,1,19,3,6180,,,-3,,
839,197,1,36,6,6180,,,-3,,
840,198,1,15,3,6240,,,-3,,
841,198,1,181,10,6240,,,-3,,
842,198,1,95,5,6240,,,-3,,
