sequence_id,order_id,order_type,item_id,item_quantity,order_arrival,assigned_station,assigned_pod,status
0,-50,1,46,2,0,picker-2,17.0,-1
1,-50,1,2,2,0,picker-2,1.0,-1
2,-50,1,22,4,0,picker-2,16.0,-1
3,-50,1,11,10,0,picker-2,13.0,-1
4,-49,1,63,2,0,picker-1,30.0,-1
5,-49,1,209,4,0,picker-1,188.0,-1
6,-49,1,38,11,0,picker-1,3.0,-1
7,-49,1,4,2,0,picker-1,2.0,-1
8,-49,1,343,4,0,picker-1,84.0,-1
9,-49,1,232,3,0,picker-1,26.0,-1
10,-49,1,15,12,0,picker-1,10.0,-1
11,-49,1,42,6,0,picker-1,111.0,-1
12,-49,1,18,8,0,picker-1,4.0,-1
13,-48,1,196,4,0,picker-2,19.0,-1
14,-48,1,38,2,0,picker-2,35.0,-1
15,-48,1,1,8,0,picker-2,9.0,-1
16,-48,1,34,9,0,picker-2,22.0,-1
17,-48,1,47,3,0,picker-2,29.0,-1
18,-47,1,2,8,0,picker-2,5.0,-1
19,-47,1,274,6,0,picker-2,46.0,-1
20,-47,1,49,6,0,picker-2,20.0,-1
21,-47,1,5,6,0,picker-2,12.0,-1
22,-47,1,21,9,0,picker-2,0.0,-1
23,-47,1,6,4,0,picker-2,6.0,-1
24,-47,1,48,8,0,picker-2,34.0,-1
25,-47,1,85,4,0,picker-2,90.0,-1
26,-46,1,15,8,0,picker-3,80.0,-1
27,-45,1,55,8,0,picker-3,68.0,-1
28,-45,1,11,5,0,picker-3,45.0,-1
29,-44,1,94,3,0,picker-1,77.0,-1
30,-43,1,67,12,0,picker-3,25.0,-1
31,-43,1,402,7,0,picker-3,38.0,-1
32,-42,1,344,9,0,picker-2,45.0,-1
33,-42,1,110,12,0,picker-2,49.0,-1
34,-41,1,51,6,0,picker-2,117.0,-1
35,-40,1,54,4,0,picker-3,54.0,-1
36,-39,1,136,8,0,picker-1,25.0,-1
37,-38,1,15,6,0,picker-2,37.0,-1
38,-38,1,275,6,0,picker-2,12.0,-1
39,-37,1,12,10,0,picker-2,1.0,-1
40,-37,1,30,4,0,picker-2,20.0,-1
41,-37,1,134,4,0,picker-2,33.0,-1
42,-36,1,36,10,0,picker-2,27.0,-1
43,-35,1,21,7,0,picker-3,5.0,-1
44,-35,1,194,11,0,picker-3,50.0,-1
45,-35,1,181,9,0,picker-3,17.0,-1
46,-34,1,25,3,0,picker-1,74.0,-1
47,-34,1,68,5,0,picker-1,8.0,-1
48,-34,1,176,8,0,picker-1,61.0,-1
49,-33,1,152,6,0,picker-3,62.0,-1
50,-33,1,25,8,0,picker-3,104.0,-1
51,-33,1,12,9,0,picker-3,14.0,-1
52,-33,1,402,1,0,picker-3,38.0,-1
53,-33,1,24,9,0,picker-3,40.0,-1
54,-33,1,8,4,0,picker-3,11.0,-1
55,-33,1,5,5,0,picker-3,16.0,-1
56,-33,1,435,6,0,picker-3,24.0,-1
57,-33,1,14,4,0,picker-3,60.0,-1
58,-33,1,79,6,0,picker-3,4.0,-1
59,-33,1,302,8,0,picker-3,52.0,-1
60,-32,1,19,6,0,picker-2,36.0,-1
61,-32,1,9,4,0,picker-2,89.0,-1
62,-32,1,13,12,0,picker-2,45.0,-1
63,-32,1,14,10,0,picker-2,73.0,-1
64,-31,1,6,7,0,picker-2,6.0,-1
65,-31,1,45,5,0,picker-2,2.0,-1
66,-31,1,31,6,0,picker-2,22.0,-1
67,-30,1,446,10,0,picker-3,244.0,-1
68,-29,1,18,8,0,picker-2,39.0,-1
69,-28,1,121,6,0,picker-3,19.0,-1
70,-27,1,303,4,0,picker-2,186.0,-1
71,-27,1,147,8,0,picker-2,18.0,-1
72,-26,1,21,4,0,picker-3,0.0,-1
73,-26,1,43,4,0,picker-3,68.0,-1
74,-25,1,14,4,0,picker-2,95.0,-1
75,-25,1,43,4,0,picker-2,69.0,-1
76,-25,1,47,5,0,picker-2,29.0,-1
77,-25,1,34,7,0,picker-2,34.0,-1
78,-25,1,40,10,0,picker-2,10.0,-1
79,-25,1,7,10,0,picker-2,27.0,-1
80,-25,1,10,1,0,picker-2,9.0,-1
81,-25,1,18,9,0,picker-2,48.0,-1
82,-25,1,0,8,0,picker-2,26.0,-1
83,-25,1,279,6,0,picker-2,105.0,-1
84,-25,1,44,3,0,picker-2,37.0,-1
85,-25,1,12,6,0,picker-2,47.0,-1
86,-25,1,3,8,0,picker-2,13.0,-1
87,-25,1,140,8,0,picker-2,81.0,-1
88,-24,1,70,10,0,picker-1,145.0,-1
89,-24,1,21,11,0,picker-1,58.0,-1
90,-24,1,36,10,0,picker-1,43.0,-1
91,-23,1,149,6,0,picker-3,74.0,-1
92,-22,1,124,4,0,picker-1,63.0,-1
93,-22,1,17,1,0,picker-1,31.0,-1
94,-21,1,132,10,0,picker-2,42.0,-1
95,-21,1,0,9,0,picker-2,49.0,-1
96,-21,1,11,5,0,picker-2,56.0,-1
97,-21,1,20,9,0,picker-2,57.0,-1
98,-20,1,7,12,0,picker-1,,-1
99,-19,1,93,2,0,picker-1,,-1
100,-19,1,14,11,0,picker-1,,-1
101,-19,1,58,6,0,picker-1,,-1
102,-19,1,3,2,0,picker-1,13.0,-1
103,-19,1,2,7,0,picker-1,,-1
104,-19,1,13,8,0,picker-1,45.0,1
105,-19,1,6,7,0,picker-1,,-1
106,-18,1,19,12,0,picker-3,,-1
107,-18,1,75,8,0,picker-3,,-1
108,-17,1,41,4,0,picker-3,,-1
109,-16,1,17,10,0,picker-2,,-1
110,-16,1,14,5,0,picker-2,,-1
111,-15,1,449,4,0,picker-3,,-1
112,-15,1,81,8,0,picker-3,,-1
113,-14,1,32,2,0,picker-2,,-1
114,-13,1,27,6,0,picker-3,,-1
115,-13,1,56,5,0,picker-3,,-1
116,-13,1,181,7,0,picker-3,,-1
117,-13,1,22,10,0,picker-3,,-1
118,-13,1,28,4,0,picker-3,,-1
119,-13,1,213,7,0,picker-3,,-1
120,-12,1,279,9,0,picker-2,,-1
121,-12,1,32,6,0,picker-2,,-1
122,-12,1,245,2,0,picker-2,,-1
123,-11,1,11,2,0,picker-2,,-1
124,-10,1,0,7,0,picker-2,,-1
125,-10,1,19,10,0,picker-2,,-1
126,-10,1,11,4,0,picker-2,,-1
127,-10,1,37,11,0,picker-2,,-1
128,-10,1,13,5,0,picker-2,,-1
129,-10,1,128,8,0,picker-2,,-1
130,-10,1,12,5,0,picker-2,,-1
131,-10,1,8,12,0,picker-2,,-1
132,-10,1,126,11,0,picker-2,,-1
133,-10,1,200,4,0,picker-2,,-1
134,-10,1,5,2,0,picker-2,,-1
135,-10,1,20,3,0,picker-2,,-1
136,-10,1,2,8,0,picker-2,1.0,1
137,-10,1,33,1,0,picker-2,,-1
138,-9,1,35,4,0,picker-2,,-1
139,-9,1,329,7,0,picker-2,,-1
140,-9,1,0,4,0,picker-2,,-1
141,-9,1,9,10,0,picker-2,,-1
142,-8,1,32,7,0,picker-1,,-1
143,-7,1,199,7,0,picker-1,,-1
144,-7,1,27,6,0,picker-1,,-1
145,-7,1,35,8,0,picker-1,,-1
146,-7,1,10,6,0,picker-1,,-1
147,-6,1,19,12,0,picker-3,,-1
148,-5,1,22,8,0,picker-1,,-1
149,-5,1,10,10,0,picker-1,,-1
150,-5,1,49,4,0,picker-1,,-1
151,-5,1,157,8,0,picker-1,,-1
152,-5,1,198,9,0,picker-1,,-1
153,-5,1,456,3,0,picker-1,,-1
154,-5,1,105,10,0,picker-1,,-1
155,-4,1,24,7,0,picker-3,,-1
156,-4,1,181,8,0,picker-3,,-1
157,-3,1,38,4,0,picker-1,,-1
158,-3,1,15,9,0,picker-1,,-1
159,-3,1,25,11,0,picker-1,,-1
160,-3,1,470,5,0,picker-1,,-1
161,-2,1,32,3,0,picker-3,,-1
162,-2,1,38,2,0,picker-3,,-1
163,-2,1,4,8,0,picker-3,,-1
164,-1,1,2,8,0,,,-1
0,0,1,2,8,120,picker-3,,-1
1,0,1,1,12,120,picker-3,,-1
2,0,1,15,6,120,picker-3,,-1
3,0,1,22,6,120,picker-3,,-1
4,0,1,114,8,120,picker-3,,-1
5,1,1,0,3,180,picker-2,,-1
6,1,1,142,4,180,picker-2,,-1
7,1,1,3,2,180,picker-2,,-1
8,2,1,183,8,180,picker-1,,-1
9,3,1,75,12,180,picker-3,,-1
10,4,1,55,6,180,picker-2,,-1
11,5,1,195,8,180,picker-3,,-1
12,5,1,6,10,180,picker-3,,-1
13,6,1,1,6,240,picker-2,,-1
14,6,1,79,10,240,picker-2,,-1
15,6,1,30,6,240,picker-2,,-1
16,7,1,88,4,240,picker-2,,-1
17,8,1,24,4,300,picker-1,,-1
18,8,1,45,8,300,picker-1,,-1
19,9,1,96,5,300,picker-2,,-1
20,9,1,12,4,300,picker-2,,-1
21,10,1,63,12,300,picker-1,,-1
22,10,1,1,7,300,picker-1,,-1
23,10,1,20,6,300,picker-1,,-1
24,10,1,120,4,300,picker-1,,-1
25,10,1,14,6,300,picker-1,,-1
26,11,1,1,7,360,picker-2,,-1
27,12,1,83,4,420,picker-3,,-1
28,12,1,8,6,420,picker-3,,-1
29,12,1,128,9,420,picker-3,,-1
30,12,1,15,2,420,picker-3,,-1
31,12,1,46,4,420,picker-3,,-1
32,12,1,121,12,420,picker-3,,-1
33,12,1,106,7,420,picker-3,,-1
34,13,1,38,7,420,picker-3,,-1
35,13,1,15,6,420,picker-3,,-1
36,13,1,0,10,420,picker-3,,-1
37,13,1,87,1,420,picker-3,,-1
38,13,1,199,9,420,picker-3,,-1
39,14,1,129,5,480,picker-1,,-1
40,15,1,49,8,540,picker-1,,-1
41,15,1,13,8,540,picker-1,,-1
42,15,1,1,4,540,picker-1,,-1
43,15,1,27,7,540,picker-1,,-1
44,16,1,27,4,600,picker-3,,-1
45,16,1,115,6,600,picker-3,,-1
46,16,1,58,4,600,picker-3,,-1
47,16,1,22,8,600,picker-3,,-1
48,16,1,23,10,600,picker-3,,-1
49,16,1,185,3,600,picker-3,,-1
50,17,1,92,6,600,picker-2,,-1
51,17,1,121,6,600,picker-2,,-1
52,18,1,49,7,600,picker-3,,-1
53,19,1,22,4,720,picker-1,,-1
54,20,1,25,10,780,picker-1,,-1
55,21,1,37,9,780,picker-2,,-1
56,22,1,80,8,840,picker-3,,-1
57,22,1,0,3,840,picker-3,,-1
58,22,1,25,8,840,picker-3,,-1
59,23,1,182,4,840,picker-2,,-1
60,23,1,5,5,840,picker-2,,-1
61,23,1,16,6,840,picker-2,,-1
62,23,1,6,8,840,picker-2,,-1
63,24,1,8,4,900,picker-3,,-1
64,24,1,115,8,900,picker-3,,-1
65,24,1,40,2,900,picker-3,,-1
66,25,1,1,6,900,,,-3
67,25,1,53,9,900,,,-3
68,25,1,0,2,900,,,-3
69,26,1,162,8,900,,,-3
70,26,1,33,4,900,,,-3
71,26,1,96,10,900,,,-3
72,26,1,15,8,900,,,-3
73,26,1,44,10,900,,,-3
74,27,1,12,9,960,,,-3
75,27,1,1,3,960,,,-3
76,27,1,0,2,960,,,-3
77,27,1,7,3,960,,,-3
78,28,1,14,9,1020,,,-3
79,28,1,177,10,1020,,,-3
80,29,1,7,10,1080,,,-3
81,29,1,96,4,1080,,,-3
82,29,1,11,2,1080,,,-3
83,29,1,169,7,1080,,,-3
84,29,1,21,3,1080,,,-3
85,30,1,20,11,1080,,,-3
86,30,1,35,1,1080,,,-3
87,31,1,126,8,1140,,,-3
88,32,1,145,9,1140,,,-3
89,32,1,195,2,1140,,,-3
90,33,1,20,10,1200,,,-3
91,33,1,31,9,1200,,,-3
92,33,1,97,8,1200,,,-3
93,33,1,14,8,1200,,,-3
94,33,1,27,4,1200,,,-3
95,33,1,88,6,1200,,,-3
96,34,1,12,1,1200,,,-3
97,34,1,21,8,1200,,,-3
98,35,1,9,10,1200,,,-3
99,35,1,186,2,1200,,,-3
100,35,1,23,7,1200,,,-3
101,35,1,17,10,1200,,,-3
102,35,1,84,7,1200,,,-3
103,35,1,48,6,1200,,,-3
104,36,1,1,12,1200,,,-3
105,36,1,0,3,1200,,,-3
106,36,1,145,7,1200,,,-3
107,37,1,40,5,1200,,,-3
108,37,1,14,1,1200,,,-3
109,37,1,192,6,1200,,,-3
110,37,1,63,7,1200,,,-3
111,37,1,17,4,1200,,,-3
112,37,1,113,12,1200,,,-3
113,37,1,147,3,1200,,,-3
114,38,1,28,9,1260,,,-3
115,38,1,123,2,1260,,,-3
116,38,1,46,11,1260,,,-3
117,39,1,52,6,1260,,,-3
118,39,1,172,9,1260,,,-3
119,40,1,19,6,1260,,,-3
120,40,1,8,9,1260,,,-3
121,40,1,61,5,1260,,,-3
122,40,1,32,5,1260,,,-3
123,41,1,28,4,1320,,,-3
124,41,1,120,2,1320,,,-3
125,41,1,175,6,1320,,,-3
126,41,1,58,3,1320,,,-3
127,41,1,56,4,1320,,,-3
128,41,1,36,7,1320,,,-3
129,41,1,43,8,1320,,,-3
130,41,1,66,6,1320,,,-3
131,42,1,47,2,1380,,,-3
132,42,1,27,1,1380,,,-3
133,42,1,60,6,1380,,,-3
134,43,1,30,8,1380,,,-3
135,43,1,6,9,1380,,,-3
136,43,1,68,4,1380,,,-3
137,44,1,12,8,1440,,,-3
138,45,1,6,12,1440,,,-3
139,46,1,13,6,1500,,,-3
140,47,1,11,12,1500,,,-3
141,48,1,157,4,1500,,,-3
142,48,1,53,2,1500,,,-3
143,48,1,45,8,1500,,,-3
144,48,1,83,8,1500,,,-3
145,48,1,19,6,1500,,,-3
146,49,1,78,2,1500,,,-3
147,49,1,111,8,1500,,,-3
148,49,1,105,5,1500,,,-3
149,49,1,49,4,1500,,,-3
150,50,1,19,6,1560,,,-3
151,50,1,31,12,1560,,,-3
152,51,1,16,6,1560,,,-3
153,51,1,10,6,1560,,,-3
154,51,1,1,7,1560,,,-3
155,51,1,23,8,1560,,,-3
156,51,1,2,5,1560,,,-3
157,51,1,8,10,1560,,,-3
158,51,1,169,3,1560,,,-3
159,52,1,89,2,1620,,,-3
160,53,1,130,3,1680,,,-3
161,53,1,157,8,1680,,,-3
162,53,1,87,4,1680,,,-3
163,54,1,5,3,1740,,,-3
164,54,1,38,2,1740,,,-3
165,54,1,110,6,1740,,,-3
166,54,1,33,5,1740,,,-3
167,54,1,41,12,1740,,,-3
168,54,1,46,6,1740,,,-3
169,55,1,145,4,1740,,,-3
170,55,1,11,3,1740,,,-3
171,55,1,196,4,1740,,,-3
172,56,1,11,9,1860,,,-3
173,56,1,25,8,1860,,,-3
174,56,1,61,6,1860,,,-3
175,56,1,55,10,1860,,,-3
176,56,1,181,8,1860,,,-3
177,56,1,32,4,1860,,,-3
178,56,1,36,6,1860,,,-3
179,56,1,94,4,1860,,,-3
180,57,1,48,2,1920,,,-3
181,57,1,8,8,1920,,,-3
182,58,1,18,10,1920,,,-3
183,58,1,55,2,1920,,,-3
184,58,1,2,8,1920,,,-3
185,58,1,1,3,1920,,,-3
186,59,1,83,7,1920,,,-3
187,59,1,135,2,1920,,,-3
188,60,1,1,4,2040,,,-3
189,60,1,148,6,2040,,,-3
190,61,1,4,6,2040,,,-3
191,61,1,27,6,2040,,,-3
192,62,1,70,5,2040,,,-3
193,62,1,170,1,2040,,,-3
194,62,1,132,1,2040,,,-3
195,62,1,27,3,2040,,,-3
196,63,1,27,4,2100,,,-3
197,64,1,32,6,2100,,,-3
198,64,1,129,8,2100,,,-3
199,65,1,31,8,2160,,,-3
200,65,1,33,4,2160,,,-3
201,65,1,124,4,2160,,,-3
202,65,1,97,8,2160,,,-3
203,65,1,73,5,2160,,,-3
204,66,1,27,10,2160,,,-3
205,66,1,1,9,2160,,,-3
206,67,1,72,8,2160,,,-3
207,67,1,177,8,2160,,,-3
208,67,1,45,12,2160,,,-3
209,67,1,76,4,2160,,,-3
210,67,1,28,8,2160,,,-3
211,68,1,151,8,2220,,,-3
212,68,1,172,5,2220,,,-3
213,68,1,11,9,2220,,,-3
214,68,1,192,6,2220,,,-3
215,68,1,59,10,2220,,,-3
216,68,1,15,8,2220,,,-3
217,69,1,11,7,2280,,,-3
218,69,1,28,7,2280,,,-3
219,69,1,141,2,2280,,,-3
220,70,1,0,4,2280,,,-3
221,70,1,92,11,2280,,,-3
222,71,1,156,5,2400,,,-3
223,71,1,13,6,2400,,,-3
224,71,1,55,6,2400,,,-3
225,72,1,135,7,2460,,,-3
226,72,1,58,5,2460,,,-3
227,72,1,69,6,2460,,,-3
228,72,1,41,6,2460,,,-3
229,72,1,77,7,2460,,,-3
230,73,1,113,6,2460,,,-3
231,73,1,18,10,2460,,,-3
232,74,1,69,4,2460,,,-3
233,75,1,24,8,2520,,,-3
234,76,1,63,8,2520,,,-3
235,76,1,140,10,2520,,,-3
236,76,1,1,4,2520,,,-3
237,76,1,94,7,2520,,,-3
238,76,1,47,7,2520,,,-3
239,76,1,48,4,2520,,,-3
240,77,1,27,12,2520,,,-3
241,77,1,169,12,2520,,,-3
242,77,1,37,6,2520,,,-3
243,77,1,140,12,2520,,,-3
244,77,1,163,5,2520,,,-3
245,77,1,3,6,2520,,,-3
246,78,1,17,6,2580,,,-3
247,78,1,183,9,2580,,,-3
248,78,1,26,8,2580,,,-3
249,78,1,10,2,2580,,,-3
250,79,1,43,8,2580,,,-3
251,80,1,37,9,2580,,,-3
252,80,1,91,3,2580,,,-3
253,80,1,34,6,2580,,,-3
254,80,1,39,4,2580,,,-3
255,81,1,47,10,2640,,,-3
256,82,1,0,9,2640,,,-3
257,83,1,13,8,2700,,,-3
258,84,1,171,5,2760,,,-3
259,84,1,39,8,2760,,,-3
260,84,1,12,7,2760,,,-3
261,84,1,40,7,2760,,,-3
262,84,1,13,6,2760,,,-3
263,84,1,1,8,2760,,,-3
264,85,1,14,6,2820,,,-3
265,85,1,12,4,2820,,,-3
266,86,1,53,7,2820,,,-3
267,87,1,61,11,2820,,,-3
268,87,1,45,8,2820,,,-3
269,87,1,106,2,2820,,,-3
270,87,1,76,6,2820,,,-3
271,87,1,5,6,2820,,,-3
272,87,1,25,1,2820,,,-3
273,87,1,108,6,2820,,,-3
274,87,1,0,7,2820,,,-3
275,87,1,134,6,2820,,,-3
276,87,1,185,5,2820,,,-3
277,87,1,68,9,2820,,,-3
278,87,1,74,3,2820,,,-3
279,87,1,199,8,2820,,,-3
280,87,1,117,9,2820,,,-3
281,87,1,14,2,2820,,,-3
282,88,1,177,12,2880,,,-3
283,89,1,199,6,2940,,,-3
284,90,1,23,12,3000,,,-3
285,91,1,1,12,3120,,,-3
286,91,1,11,3,3120,,,-3
287,91,1,3,6,3120,,,-3
288,92,1,36,7,3180,,,-3
289,92,1,9,5,3180,,,-3
290,93,1,27,5,3240,,,-3
291,93,1,0,10,3240,,,-3
292,93,1,79,10,3240,,,-3
293,93,1,28,6,3240,,,-3
294,94,1,3,2,3240,,,-3
295,94,1,141,6,3240,,,-3
296,94,1,176,9,3240,,,-3
297,94,1,67,9,3240,,,-3
298,94,1,44,7,3240,,,-3
299,94,1,33,11,3240,,,-3
300,95,1,196,11,3300,,,-3
301,95,1,0,5,3300,,,-3
302,95,1,107,5,3300,,,-3
303,95,1,20,9,3300,,,-3
304,96,1,11,2,3420,,,-3
305,96,1,39,10,3420,,,-3
306,97,1,152,4,3420,,,-3
307,97,1,23,1,3420,,,-3
308,97,1,77,8,3420,,,-3
309,98,1,183,7,3480,,,-3
310,99,1,0,6,3540,,,-3
311,99,1,93,8,3540,,,-3
312,99,1,14,12,3540,,,-3
313,100,1,46,5,3540,,,-3
314,100,1,36,6,3540,,,-3
315,100,1,37,5,3540,,,-3
316,100,1,67,10,3540,,,-3
317,100,1,28,11,3540,,,-3
318,100,1,21,8,3540,,,-3
319,100,1,4,11,3540,,,-3
320,101,1,79,10,3660,,,-3
321,101,1,45,6,3660,,,-3
322,101,1,28,4,3660,,,-3
323,101,1,131,9,3660,,,-3
324,101,1,183,5,3660,,,-3
325,101,1,135,4,3660,,,-3
326,102,1,56,10,3660,,,-3
327,102,1,32,8,3660,,,-3
328,102,1,8,7,3660,,,-3
329,102,1,30,10,3660,,,-3
330,103,1,134,12,3720,,,-3
331,104,1,171,4,3720,,,-3
332,104,1,22,3,3720,,,-3
333,104,1,20,6,3720,,,-3
334,105,1,3,5,3720,,,-3
335,105,1,33,7,3720,,,-3
336,105,1,7,11,3720,,,-3
337,105,1,44,7,3720,,,-3
338,105,1,1,9,3720,,,-3
339,105,1,158,2,3720,,,-3
340,106,1,92,8,3780,,,-3
341,106,1,183,7,3780,,,-3
342,106,1,106,6,3780,,,-3
343,106,1,4,10,3780,,,-3
344,106,1,0,7,3780,,,-3
345,106,1,23,3,3780,,,-3
346,107,1,21,2,3840,,,-3
347,107,1,10,10,3840,,,-3
348,107,1,1,6,3840,,,-3
349,107,1,112,3,3840,,,-3
350,108,1,92,8,3840,,,-3
351,108,1,137,9,3840,,,-3
352,108,1,0,7,3840,,,-3
353,108,1,7,12,3840,,,-3
354,108,1,86,10,3840,,,-3
355,108,1,76,8,3840,,,-3
356,108,1,31,6,3840,,,-3
357,108,1,32,11,3840,,,-3
358,109,1,8,12,3900,,,-3
359,109,1,148,4,3900,,,-3
360,109,1,55,11,3900,,,-3
361,110,1,118,7,3900,,,-3
362,110,1,33,8,3900,,,-3
363,110,1,112,7,3900,,,-3
364,110,1,5,3,3900,,,-3
365,110,1,27,6,3900,,,-3
366,111,1,8,6,3900,,,-3
367,111,1,101,4,3900,,,-3
368,111,1,1,8,3900,,,-3
369,111,1,23,7,3900,,,-3
370,111,1,82,8,3900,,,-3
371,111,1,152,12,3900,,,-3
372,111,1,37,6,3900,,,-3
373,111,1,91,8,3900,,,-3
374,112,1,22,2,3960,,,-3
375,112,1,47,12,3960,,,-3
376,112,1,84,9,3960,,,-3
377,112,1,0,11,3960,,,-3
378,112,1,20,12,3960,,,-3
379,112,1,15,6,3960,,,-3
380,113,1,33,8,3960,,,-3
381,113,1,28,6,3960,,,-3
382,113,1,1,10,3960,,,-3
383,113,1,88,12,3960,,,-3
384,114,1,9,4,4020,,,-3
385,114,1,79,10,4020,,,-3
386,115,1,199,4,4140,,,-3
387,115,1,133,2,4140,,,-3
388,115,1,4,8,4140,,,-3
389,115,1,8,2,4140,,,-3
390,115,1,33,8,4140,,,-3
391,116,1,23,6,4200,,,-3
392,116,1,89,4,4200,,,-3
393,116,1,4,4,4200,,,-3
394,117,1,38,6,4200,,,-3
395,118,1,0,7,4260,,,-3
396,118,1,95,10,4260,,,-3
397,118,1,44,8,4260,,,-3
398,118,1,42,4,4260,,,-3
399,118,1,8,3,4260,,,-3
400,119,1,30,4,4260,,,-3
401,119,1,20,10,4260,,,-3
402,120,1,162,4,4260,,,-3
403,120,1,16,10,4260,,,-3
404,121,1,18,10,4260,,,-3
405,121,1,8,9,4260,,,-3
406,122,1,37,5,4320,,,-3
407,122,1,1,8,4320,,,-3
408,123,1,80,7,4380,,,-3
409,123,1,0,6,4380,,,-3
410,123,1,109,6,4380,,,-3
411,124,1,90,1,4380,,,-3
412,125,1,171,7,4500,,,-3
413,125,1,126,8,4500,,,-3
414,125,1,58,8,4500,,,-3
415,125,1,178,4,4500,,,-3
416,126,1,114,8,4500,,,-3
417,126,1,195,9,4500,,,-3
418,126,1,24,6,4500,,,-3
419,127,1,102,5,4560,,,-3
420,128,1,112,5,4620,,,-3
421,129,1,37,2,4680,,,-3
422,129,1,14,4,4680,,,-3
423,129,1,47,11,4680,,,-3
424,129,1,96,10,4680,,,-3
425,129,1,19,4,4680,,,-3
426,129,1,34,6,4680,,,-3
427,129,1,85,8,4680,,,-3
428,129,1,72,12,4680,,,-3
429,129,1,16,9,4680,,,-3
430,129,1,10,8,4680,,,-3
431,129,1,105,8,4680,,,-3
432,129,1,116,10,4680,,,-3
433,130,1,0,12,4680,,,-3
434,130,1,3,8,4680,,,-3
435,131,1,1,8,4680,,,-3
436,132,1,128,2,4680,,,-3
437,133,1,128,4,4740,,,-3
438,133,1,13,12,4740,,,-3
439,134,1,42,7,4740,,,-3
440,134,1,2,6,4740,,,-3
441,134,1,72,6,4740,,,-3
442,134,1,36,6,4740,,,-3
443,134,1,106,12,4740,,,-3
444,134,1,30,9,4740,,,-3
445,134,1,71,4,4740,,,-3
446,135,1,44,7,4740,,,-3
447,135,1,14,6,4740,,,-3
448,135,1,45,5,4740,,,-3
449,135,1,151,3,4740,,,-3
450,136,1,60,2,4800,,,-3
451,136,1,152,4,4800,,,-3
452,136,1,6,6,4800,,,-3
453,137,1,66,6,4800,,,-3
454,137,1,3,4,4800,,,-3
455,138,1,5,10,4800,,,-3
456,138,1,16,5,4800,,,-3
457,138,1,184,6,4800,,,-3
458,138,1,0,5,4800,,,-3
459,139,1,77,4,4860,,,-3
460,139,1,60,6,4860,,,-3
461,139,1,28,2,4860,,,-3
462,139,1,94,5,4860,,,-3
463,139,1,110,12,4860,,,-3
464,139,1,5,3,4860,,,-3
465,139,1,32,8,4860,,,-3
466,140,1,0,8,4860,,,-3
467,141,1,42,11,4920,,,-3
468,141,1,49,4,4920,,,-3
469,141,1,183,12,4920,,,-3
470,142,1,48,7,4980,,,-3
471,142,1,8,7,4980,,,-3
472,142,1,112,8,4980,,,-3
473,142,1,22,5,4980,,,-3
474,142,1,23,11,4980,,,-3
475,142,1,178,6,4980,,,-3
476,142,1,21,6,4980,,,-3
477,143,1,0,10,4980,,,-3
478,143,1,69,4,4980,,,-3
479,144,1,90,10,5040,,,-3
480,144,1,10,8,5040,,,-3
481,144,1,105,4,5040,,,-3
482,145,1,15,8,5100,,,-3
483,145,1,7,7,5100,,,-3
484,146,1,36,5,5160,,,-3
485,146,1,134,7,5160,,,-3
486,146,1,40,10,5160,,,-3
487,146,1,15,8,5160,,,-3
488,147,1,16,6,5160,,,-3
489,148,1,176,10,5220,,,-3
490,149,1,36,2,5280,,,-3
491,150,1,149,8,5280,,,-3
492,150,1,58,5,5280,,,-3
493,151,1,4,10,5280,,,-3
494,151,1,20,9,5280,,,-3
495,151,1,38,8,5280,,,-3
496,151,1,10,8,5280,,,-3
497,152,1,47,5,5340,,,-3
498,152,1,83,6,5340,,,-3
499,153,1,4,5,5400,,,-3
500,153,1,1,12,5400,,,-3
501,153,1,6,9,5400,,,-3
502,153,1,187,2,5400,,,-3
503,153,1,0,2,5400,,,-3
504,153,1,188,6,5400,,,-3
505,154,1,40,12,5460,,,-3
506,154,1,79,6,5460,,,-3
507,154,1,26,12,5460,,,-3
508,154,1,41,4,5460,,,-3
509,154,1,179,3,5460,,,-3
510,154,1,12,6,5460,,,-3
511,154,1,2,9,5460,,,-3
512,155,1,93,10,5580,,,-3
513,156,1,118,11,5580,,,-3
514,156,1,80,5,5580,,,-3
515,156,1,6,11,5580,,,-3
516,156,1,190,1,5580,,,-3
517,157,1,56,6,5580,,,-3
518,158,1,8,12,5640,,,-3
519,158,1,37,3,5640,,,-3
520,158,1,198,5,5640,,,-3
521,158,1,1,1,5640,,,-3
522,159,1,54,8,5640,,,-3
523,160,1,71,4,5640,,,-3
524,161,1,2,8,5640,,,-3
525,162,1,37,3,5700,,,-3
526,162,1,39,1,5700,,,-3
527,162,1,26,8,5700,,,-3
528,162,1,52,11,5700,,,-3
529,163,1,36,6,5820,,,-3
530,163,1,74,7,5820,,,-3
531,163,1,37,10,5820,,,-3
532,164,1,20,11,5820,,,-3
533,165,1,7,6,5820,,,-3
534,165,1,18,8,5820,,,-3
535,165,1,107,5,5820,,,-3
536,165,1,39,10,5820,,,-3
537,165,1,33,6,5820,,,-3
538,166,1,1,8,5880,,,-3
539,166,1,2,8,5880,,,-3
540,167,1,51,4,6000,,,-3
541,167,1,9,1,6000,,,-3
542,167,1,124,7,6000,,,-3
543,167,1,121,5,6000,,,-3
544,167,1,64,8,6000,,,-3
545,167,1,107,6,6000,,,-3
546,167,1,6,3,6000,,,-3
547,167,1,7,2,6000,,,-3
548,168,1,107,10,6060,,,-3
549,168,1,23,8,6060,,,-3
550,168,1,5,8,6060,,,-3
551,168,1,97,8,6060,,,-3
552,169,1,40,9,6120,,,-3
553,169,1,23,8,6120,,,-3
554,169,1,78,6,6120,,,-3
555,170,1,57,9,6120,,,-3
556,170,1,82,8,6120,,,-3
557,170,1,39,8,6120,,,-3
558,170,1,87,6,6120,,,-3
559,171,1,4,12,6120,,,-3
560,171,1,48,9,6120,,,-3
561,172,1,23,2,6120,,,-3
562,172,1,25,10,6120,,,-3
563,173,1,128,6,6180,,,-3
564,173,1,24,8,6180,,,-3
565,174,1,62,12,6240,,,-3
566,174,1,49,7,6240,,,-3
567,174,1,130,8,6240,,,-3
568,174,1,6,4,6240,,,-3
569,175,1,63,12,6240,,,-3
570,175,1,16,4,6240,,,-3
571,175,1,2,4,6240,,,-3
572,176,1,73,5,6300,,,-3
573,176,1,49,7,6300,,,-3
574,177,1,10,5,6300,,,-3
575,177,1,70,4,6300,,,-3
576,177,1,130,6,6300,,,-3
577,178,1,2,4,6300,,,-3
578,178,1,28,3,6300,,,-3
579,178,1,32,9,6300,,,-3
580,178,1,5,7,6300,,,-3
581,178,1,36,4,6300,,,-3
582,178,1,40,9,6300,,,-3
583,178,1,109,6,6300,,,-3
584,178,1,47,3,6300,,,-3
585,179,1,44,8,6360,,,-3
586,179,1,1,3,6360,,,-3
587,179,1,51,12,6360,,,-3
588,180,1,18,7,6360,,,-3
589,180,1,7,8,6360,,,-3
590,181,1,26,2,6420,,,-3
591,181,1,38,2,6420,,,-3
592,181,1,114,11,6420,,,-3
593,181,1,46,2,6420,,,-3
594,181,1,3,2,6420,,,-3
595,181,1,1,6,6420,,,-3
596,181,1,174,1,6420,,,-3
597,182,1,4,6,6420,,,-3
598,182,1,88,10,6420,,,-3
599,182,1,178,1,6420,,,-3
600,182,1,171,6,6420,,,-3
601,183,1,61,6,6480,,,-3
602,183,1,1,6,6480,,,-3
603,183,1,11,6,6480,,,-3
604,183,1,65,9,6480,,,-3
605,183,1,5,6,6480,,,-3
606,183,1,40,6,6480,,,-3
607,184,1,22,10,6480,,,-3
608,184,1,141,8,6480,,,-3
609,184,1,3,6,6480,,,-3
610,185,1,16,6,6480,,,-3
611,185,1,52,3,6480,,,-3
612,185,1,14,8,6480,,,-3
613,185,1,11,8,6480,,,-3
614,185,1,103,10,6480,,,-3
615,186,1,21,5,6480,,,-3
616,186,1,8,4,6480,,,-3
617,187,1,23,2,6480,,,-3
618,187,1,5,2,6480,,,-3
619,188,1,49,1,6480,,,-3
620,188,1,15,11,6480,,,-3
621,189,1,198,6,6480,,,-3
622,190,1,28,2,6540,,,-3
623,190,1,138,7,6540,,,-3
624,190,1,85,11,6540,,,-3
625,190,1,74,8,6540,,,-3
626,190,1,4,5,6540,,,-3
627,191,1,1,4,6540,,,-3
628,191,1,42,12,6540,,,-3
629,191,1,8,6,6540,,,-3
630,191,1,21,5,6540,,,-3
631,191,1,195,2,6540,,,-3
632,191,1,35,1,6540,,,-3
633,192,1,22,1,6660,,,-3
634,192,1,88,5,6660,,,-3
635,192,1,51,7,6660,,,-3
636,193,1,1,2,6720,,,-3
637,193,1,55,6,6720,,,-3
638,193,1,12,6,6720,,,-3
639,193,1,36,4,6720,,,-3
640,193,1,112,9,6720,,,-3
641,194,1,1,8,6720,,,-3
642,194,1,10,6,6720,,,-3
643,195,1,34,4,6840,,,-3
644,195,1,4,4,6840,,,-3
645,195,1,8,8,6840,,,-3
646,196,1,67,8,6840,,,-3
647,196,1,106,5,6840,,,-3
648,196,1,152,6,6840,,,-3
649,197,1,33,10,6900,,,-3
650,198,1,101,8,6960,,,-3
651,198,1,1,12,6960,,,-3
652,198,1,0,10,6960,,,-3
653,199,1,192,4,6960,,,-3
654,199,1,188,8,6960,,,-3
655,199,1,1,4,6960,,,-3
656,199,1,121,6,6960,,,-3
657,199,1,114,7,6960,,,-3
658,199,1,44,8,6960,,,-3
659,199,1,131,4,6960,,,-3
660,199,1,3,10,6960,,,-3
661,199,1,190,6,6960,,,-3
662,200,1,21,6,6960,,,-3
663,200,1,11,7,6960,,,-3
664,200,1,0,10,6960,,,-3
665,200,1,122,12,6960,,,-3
666,200,1,5,11,6960,,,-3
667,200,1,40,2,6960,,,-3
668,201,1,75,12,7080,,,-3
669,201,1,0,9,7080,,,-3
670,201,1,38,8,7080,,,-3
671,201,1,20,10,7080,,,-3
672,201,1,177,9,7080,,,-3
673,202,1,77,2,7080,,,-3
674,202,1,46,8,7080,,,-3
675,202,1,26,2,7080,,,-3
676,202,1,38,9,7080,,,-3
677,203,1,11,11,7080,,,-3
678,204,1,31,4,7140,,,-3
679,205,1,151,12,7140,,,-3
680,205,1,145,4,7140,,,-3
681,206,1,3,7,7140,,,-3
682,206,1,18,8,7140,,,-3
683,207,1,14,6,7200,,,-3
684,207,1,45,4,7200,,,-3
685,207,1,34,6,7200,,,-3
686,207,1,163,8,7200,,,-3
687,207,1,44,8,7200,,,-3
688,207,1,24,4,7200,,,-3
689,207,1,22,7,7200,,,-3
690,207,1,7,11,7200,,,-3
691,207,1,23,4,7200,,,-3
692,207,1,43,12,7200,,,-3
693,207,1,46,7,7200,,,-3
694,208,1,6,2,7200,,,-3
695,208,1,99,7,7200,,,-3
696,208,1,94,5,7200,,,-3
697,208,1,179,6,7200,,,-3
698,208,1,2,2,7200,,,-3
699,208,1,18,4,7200,,,-3
700,208,1,0,9,7200,,,-3
701,208,1,148,11,7200,,,-3
702,209,1,2,10,7200,,,-3
703,209,1,188,9,7200,,,-3
704,209,1,26,7,7200,,,-3
705,210,1,35,11,7260,,,-3
706,211,1,33,7,7260,,,-3
707,212,1,27,8,7320,,,-3
708,212,1,3,12,7320,,,-3
709,212,1,89,7,7320,,,-3
710,212,1,23,4,7320,,,-3
711,213,1,1,1,7320,,,-3
712,213,1,163,10,7320,,,-3
713,214,1,67,4,7320,,,-3
714,215,1,133,7,7320,,,-3
715,216,1,6,9,7500,,,-3
716,216,1,25,4,7500,,,-3
717,217,1,117,10,7560,,,-3
718,217,1,57,7,7560,,,-3
719,217,1,126,8,7560,,,-3
720,217,1,47,2,7560,,,-3
721,218,1,12,8,7560,,,-3
722,218,1,164,10,7560,,,-3
723,219,1,15,12,7620,,,-3
724,219,1,29,6,7620,,,-3
725,219,1,49,6,7620,,,-3
726,219,1,14,11,7620,,,-3
727,220,1,21,10,7620,,,-3
728,220,1,167,8,7620,,,-3
729,220,1,49,8,7620,,,-3
730,221,1,27,4,7740,,,-3
731,221,1,172,3,7740,,,-3
732,222,1,20,7,7740,,,-3
733,222,1,153,8,7740,,,-3
734,222,1,18,8,7740,,,-3
735,222,1,48,8,7740,,,-3
736,222,1,161,8,7740,,,-3
737,222,1,23,4,7740,,,-3
738,222,1,80,11,7740,,,-3
739,222,1,49,10,7740,,,-3
740,222,1,15,9,7740,,,-3
741,222,1,35,9,7740,,,-3
742,223,1,0,4,7800,,,-3
743,223,1,73,8,7800,,,-3
744,223,1,84,4,7800,,,-3
745,224,1,6,5,7860,,,-3
746,225,1,135,10,7920,,,-3
747,225,1,35,7,7920,,,-3
748,225,1,132,8,7920,,,-3
749,225,1,84,6,7920,,,-3
750,225,1,163,4,7920,,,-3
751,225,1,96,8,7920,,,-3
752,225,1,4,9,7920,,,-3
753,225,1,131,10,7920,,,-3
754,226,1,1,2,8040,,,-3
755,227,1,3,1,8040,,,-3
756,227,1,178,8,8040,,,-3
757,227,1,112,4,8040,,,-3
758,227,1,28,6,8040,,,-3
759,227,1,145,10,8040,,,-3
760,227,1,84,8,8040,,,-3
761,227,1,37,6,8040,,,-3
762,228,1,61,7,8040,,,-3
763,228,1,14,10,8040,,,-3
764,229,1,89,6,8040,,,-3
765,229,1,77,8,8040,,,-3
766,229,1,9,2,8040,,,-3
767,229,1,7,6,8040,,,-3
768,230,1,178,2,8100,,,-3
769,231,1,87,8,8100,,,-3
770,231,1,83,8,8100,,,-3
771,231,1,134,6,8100,,,-3
772,231,1,11,7,8100,,,-3
773,232,1,39,12,8160,,,-3
774,232,1,13,4,8160,,,-3
775,233,1,174,6,8160,,,-3
776,233,1,60,5,8160,,,-3
777,233,1,143,4,8160,,,-3
778,233,1,15,2,8160,,,-3
779,233,1,4,11,8160,,,-3
780,233,1,43,10,8160,,,-3
781,233,1,194,3,8160,,,-3
782,233,1,16,5,8160,,,-3
783,234,1,9,10,8220,,,-3
784,234,1,106,8,8220,,,-3
785,235,1,3,8,8220,,,-3
786,236,1,19,2,8280,,,-3
787,236,1,45,4,8280,,,-3
788,236,1,117,8,8280,,,-3
789,236,1,42,8,8280,,,-3
790,236,1,30,11,8280,,,-3
791,236,1,10,12,8280,,,-3
792,236,1,79,6,8280,,,-3
793,237,1,102,10,8340,,,-3
794,238,1,10,6,8520,,,-3
795,239,1,6,5,8520,,,-3
796,240,1,68,7,8520,,,-3
797,240,1,41,6,8520,,,-3
798,240,1,31,2,8520,,,-3
799,240,1,13,6,8520,,,-3
800,240,1,42,12,8520,,,-3
801,240,1,48,5,8520,,,-3
802,240,1,46,4,8520,,,-3
803,241,1,72,9,8580,,,-3
804,241,1,39,9,8580,,,-3
805,241,1,28,10,8580,,,-3
806,242,1,66,1,8580,,,-3
807,243,1,17,10,8640,,,-3
808,243,1,35,10,8640,,,-3
809,243,1,130,2,8640,,,-3
810,244,1,29,6,8640,,,-3
811,244,1,119,10,8640,,,-3
812,245,1,9,8,8700,,,-3
813,246,1,5,8,8700,,,-3
814,246,1,121,2,8700,,,-3
815,247,1,136,4,8760,,,-3
816,248,1,62,10,8760,,,-3
817,248,1,149,8,8760,,,-3
818,248,1,60,4,8760,,,-3
819,248,1,15,8,8760,,,-3
820,249,1,43,2,8820,,,-3
821,250,1,83,10,8820,,,-3
822,250,1,176,4,8820,,,-3
823,250,1,155,6,8820,,,-3
824,250,1,12,4,8820,,,-3
825,251,1,74,2,8880,,,-3
826,251,1,104,6,8880,,,-3
827,251,1,27,10,8880,,,-3
828,252,1,3,2,8880,,,-3
829,253,1,24,7,8940,,,-3
830,254,1,2,12,8940,,,-3
831,254,1,6,6,8940,,,-3
832,254,1,190,4,8940,,,-3
833,254,1,64,9,8940,,,-3
834,254,1,22,3,8940,,,-3
835,254,1,8,2,8940,,,-3
836,254,1,107,2,8940,,,-3
837,254,1,149,9,8940,,,-3
838,254,1,65,8,8940,,,-3
839,254,1,154,6,8940,,,-3
840,254,1,41,5,8940,,,-3
841,255,1,148,6,9000,,,-3
842,256,1,8,10,9000,,,-3
843,257,1,175,7,9120,,,-3
844,257,1,12,8,9120,,,-3
845,258,1,48,9,9120,,,-3
846,258,1,25,7,9120,,,-3
847,258,1,33,6,9120,,,-3
848,258,1,116,8,9120,,,-3
849,259,1,7,5,9180,,,-3
850,259,1,93,6,9180,,,-3
851,259,1,55,7,9180,,,-3
852,259,1,64,10,9180,,,-3
853,259,1,170,2,9180,,,-3
854,259,1,44,1,9180,,,-3
855,259,1,4,8,9180,,,-3
856,259,1,2,9,9180,,,-3
857,259,1,46,6,9180,,,-3
858,259,1,27,11,9180,,,-3
859,259,1,130,8,9180,,,-3
860,259,1,5,9,9180,,,-3
861,259,1,1,4,9180,,,-3
862,260,1,67,6,9240,,,-3
863,261,1,156,10,9240,,,-3
864,261,1,20,6,9240,,,-3
865,261,1,34,12,9240,,,-3
866,262,1,9,6,9240,,,-3
867,262,1,3,10,9240,,,-3
868,262,1,115,10,9240,,,-3
869,262,1,13,12,9240,,,-3
870,263,1,125,10,9300,,,-3
871,264,1,8,10,9360,,,-3
872,264,1,6,4,9360,,,-3
873,264,1,106,4,9360,,,-3
874,264,1,121,9,9360,,,-3
875,264,1,57,10,9360,,,-3
876,264,1,98,2,9360,,,-3
877,264,1,1,8,9360,,,-3
878,264,1,11,6,9360,,,-3
879,264,1,81,8,9360,,,-3
880,264,1,189,5,9360,,,-3
881,265,1,41,8,9360,,,-3
882,265,1,46,7,9360,,,-3
883,266,1,2,11,9420,,,-3
884,267,1,22,4,9480,,,-3
885,268,1,13,5,9480,,,-3
886,268,1,42,7,9480,,,-3
887,269,1,60,8,9480,,,-3
888,269,1,12,6,9480,,,-3
889,269,1,36,6,9480,,,-3
890,270,1,110,4,9720,,,-3
891,270,1,33,3,9720,,,-3
892,270,1,34,1,9720,,,-3
893,270,1,26,6,9720,,,-3
894,271,1,12,4,9780,,,-3
895,271,1,1,2,9780,,,-3
896,272,1,29,9,9780,,,-3
897,273,1,165,11,9780,,,-3
898,273,1,47,3,9780,,,-3
899,274,1,15,2,9780,,,-3
900,274,1,81,4,9780,,,-3
901,274,1,3,10,9780,,,-3
902,275,1,10,8,9840,,,-3
903,275,1,46,3,9840,,,-3
904,275,1,13,1,9840,,,-3
905,276,1,161,8,9840,,,-3
906,276,1,24,7,9840,,,-3
907,276,1,48,2,9840,,,-3
908,276,1,2,7,9840,,,-3
909,276,1,7,7,9840,,,-3
910,277,1,182,11,9900,,,-3
911,277,1,114,8,9900,,,-3
912,277,1,89,8,9900,,,-3
913,278,1,23,7,10020,,,-3
914,278,1,30,4,10020,,,-3
915,278,1,9,9,10020,,,-3
916,278,1,31,10,10020,,,-3
917,279,1,76,7,10020,,,-3
918,279,1,27,2,10020,,,-3
919,279,1,49,5,10020,,,-3
920,279,1,12,10,10020,,,-3
921,279,1,14,8,10020,,,-3
922,280,1,95,10,10080,,,-3
923,280,1,179,6,10080,,,-3
924,280,1,11,4,10080,,,-3
925,280,1,4,6,10080,,,-3
926,280,1,2,7,10080,,,-3
927,281,1,50,10,10140,,,-3
928,282,1,156,4,10200,,,-3
929,283,1,36,11,10260,,,-3
930,283,1,149,8,10260,,,-3
931,283,1,26,7,10260,,,-3
932,283,1,40,9,10260,,,-3
933,284,1,66,8,10320,,,-3
934,284,1,173,6,10320,,,-3
935,284,1,114,4,10320,,,-3
936,284,1,6,4,10320,,,-3
937,284,1,13,9,10320,,,-3
938,284,1,10,4,10320,,,-3
939,284,1,163,6,10320,,,-3
940,284,1,71,7,10320,,,-3
941,284,1,49,4,10320,,,-3
942,285,1,86,8,10320,,,-3
943,286,1,7,2,10320,,,-3
944,287,1,199,6,10440,,,-3
945,287,1,114,4,10440,,,-3
946,287,1,45,8,10440,,,-3
947,288,1,12,12,10440,,,-3
948,288,1,17,8,10440,,,-3
949,288,1,106,11,10440,,,-3
950,288,1,32,9,10440,,,-3
951,288,1,9,2,10440,,,-3
952,288,1,186,8,10440,,,-3
953,288,1,22,7,10440,,,-3
954,289,1,185,12,10440,,,-3
955,290,1,50,7,10440,,,-3
956,290,1,10,10,10440,,,-3
957,291,1,2,12,10500,,,-3
958,291,1,18,10,10500,,,-3
959,291,1,19,12,10500,,,-3
