run_id,condition_key,policy_configuration,robot_count,order_rate,replication,seed,stage_first_requested,inventory_status,strict_source,strict_machine_id,copy_count
all_off__r10__arr400__rep001__b357bcbaeaba,all_off|robots=10|order_rate=400|rep=1,all_off,10,400,1,42,1,strict_completed,zip:citi_gojira_snapshot_20260709_220803.zip,citi_gojira,1
all_off__r10__arr500__rep001__720d2d685201,all_off|robots=10|order_rate=500|rep=1,all_off,10,500,1,42,1,strict_completed,zip:win_lukman_snapshot_20260709_221507.zip,win_lukman,1
all_off__r10__arr600__rep001__af361dd266e0,all_off|robots=10|order_rate=600|rep=1,all_off,10,600,1,42,1,strict_completed,live,codex_local,2
all_off__r15__arr400__rep001__dfcc2f69a566,all_off|robots=15|order_rate=400|rep=1,all_off,15,400,1,42,1,strict_completed,zip:alisha_pc_snapshot_20260709_212034.zip,alisha_pc,1
all_off__r15__arr500__rep001__6d123b099363,all_off|robots=15|order_rate=500|rep=1,all_off,15,500,1,42,1,strict_completed,zip:dewa_macbook_snapshot_20260709_214159.zip,dewa_macbook,1
all_off__r15__arr600__rep001__e300a75fb33c,all_off|robots=15|order_rate=600|rep=1,all_off,15,600,1,42,1,strict_completed,zip:alisha_pc_snapshot_20260709_212034.zip,alisha_pc,1
all_off__r20__arr400__rep001__0a4ac200a1a4,all_off|robots=20|order_rate=400|rep=1,all_off,20,400,1,42,1,strict_completed,zip:win_admin_snapshot_20260709_221326.zip,win_admin,1
all_off__r20__arr500__rep001__2ffe4161fc8b,all_off|robots=20|order_rate=500|rep=1,all_off,20,500,1,42,1,strict_completed,zip:citi_angiebow_snapshot_20260709_221010.zip,citi_angiebow,1
all_off__r20__arr600__rep001__e2f0a2fe151e,all_off|robots=20|order_rate=600|rep=1,all_off,20,600,1,42,1,strict_completed,zip:dewa_macbook_snapshot_20260709_214159.zip,dewa_macbook,1
all_off__r25__arr400__rep001__feff00c03b32,all_off|robots=25|order_rate=400|rep=1,all_off,25,400,1,42,1,strict_completed,zip:citi_gojira_snapshot_20260709_220803.zip,citi_gojira,1
all_off__r25__arr500__rep001__89d43a368acc,all_off|robots=25|order_rate=500|rep=1,all_off,25,500,1,42,1,strict_completed,zip:win_admin_snapshot_20260709_221326.zip,win_admin,1
all_off__r25__arr600__rep001__a9fa3ba125ba,all_off|robots=25|order_rate=600|rep=1,all_off,25,600,1,42,1,strict_completed,zip:citi_gojira_snapshot_20260709_220803.zip,citi_gojira,1
all_off__r30__arr400__rep001__d17062391812,all_off|robots=30|order_rate=400|rep=1,all_off,30,400,1,42,1,strict_completed,zip:win_lukman_snapshot_20260709_221507.zip,win_lukman,1
all_off__r30__arr500__rep001__e35a895fef6d,all_off|robots=30|order_rate=500|rep=1,all_off,30,500,1,42,1,strict_completed,live,codex_local,2
all_off__r30__arr600__rep001__784350458423,all_off|robots=30|order_rate=600|rep=1,all_off,30,600,1,42,1,strict_completed,zip:citi_angiebow_snapshot_20260709_221010.zip,citi_angiebow,1
all_on_rl__r10__arr400__rep001__977ff04ded5d,all_on_rl|robots=10|order_rate=400|rep=1,all_on_rl,10,400,1,42,1,strict_completed,zip:alisha_pc_snapshot_20260709_212034.zip,alisha_pc,1
all_on_rl__r10__arr500__rep001__1d186b9187ac,all_on_rl|robots=10|order_rate=500|rep=1,all_on_rl,10,500,1,42,1,strict_completed,zip:win_admin_snapshot_20260709_221326.zip,win_admin,1
all_on_rl__r10__arr600__rep001__20aeb32ca8dc,all_on_rl|robots=10|order_rate=600|rep=1,all_on_rl,10,600,1,42,1,strict_completed,zip:citi_gojira_snapshot_20260709_220803.zip,citi_gojira,1
all_on_rl__r15__arr400__rep001__8de3c30c78ff,all_on_rl|robots=15|order_rate=400|rep=1,all_on_rl,15,400,1,42,1,strict_completed,zip:win_lukman_snapshot_20260709_221507.zip,win_lukman,1
all_on_rl__r15__arr500__rep001__7f9a52204afb,all_on_rl|robots=15|order_rate=500|rep=1,all_on_rl,15,500,1,42,1,strict_completed,live,codex_local,2
all_on_rl__r15__arr600__rep001__0eb381c9ba19,all_on_rl|robots=15|order_rate=600|rep=1,all_on_rl,15,600,1,42,1,strict_completed,zip:win_lukman_snapshot_20260709_221507.zip,win_lukman,1
all_on_rl__r20__arr400__rep001__9e502eef6cf5,all_on_rl|robots=20|order_rate=400|rep=1,all_on_rl,20,400,1,42,1,strict_completed,zip:dewa_macbook_snapshot_20260709_214159.zip,dewa_macbook,1
all_on_rl__r20__arr500__rep001__c06e515ec354,all_on_rl|robots=20|order_rate=500|rep=1,all_on_rl,20,500,1,42,1,failed,,,1
all_on_rl__r20__arr600__rep001__48d20635d00e,all_on_rl|robots=20|order_rate=600|rep=1,all_on_rl,20,600,1,42,1,strict_completed,live,codex_local,2
all_on_rl__r25__arr400__rep001__fedd63ca5d54,all_on_rl|robots=25|order_rate=400|rep=1,all_on_rl,25,400,1,42,1,strict_completed,zip:citi_angiebow_snapshot_20260709_221010.zip,citi_angiebow,1
all_on_rl__r25__arr500__rep001__0639c162498e,all_on_rl|robots=25|order_rate=500|rep=1,all_on_rl,25,500,1,42,1,strict_completed,zip:dewa_macbook_snapshot_20260709_214159.zip,dewa_macbook,1
all_on_rl__r25__arr600__rep001__efac7debf9d0,all_on_rl|robots=25|order_rate=600|rep=1,all_on_rl,25,600,1,42,1,strict_completed,zip:citi_angiebow_snapshot_20260709_221010.zip,citi_angiebow,1
all_on_rl__r30__arr400__rep001__09c34ff45a16,all_on_rl|robots=30|order_rate=400|rep=1,all_on_rl,30,400,1,42,1,strict_completed,zip:win_admin_snapshot_20260709_221326.zip,win_admin,1
all_on_rl__r30__arr500__rep001__f13777b0a56a,all_on_rl|robots=30|order_rate=500|rep=1,all_on_rl,30,500,1,42,1,strict_completed,zip:citi_gojira_snapshot_20260709_220803.zip,citi_gojira,1
all_on_rl__r30__arr600__rep001__657296521d99,all_on_rl|robots=30|order_rate=600|rep=1,all_on_rl,30,600,1,42,1,failed,,,1
all_on_rl__r20__arr500__rep002__2840cd953347,all_on_rl|robots=20|order_rate=500|rep=2,all_on_rl,20,500,2,43,2,strict_completed,zip:alisha_pc_snapshot_20260709_212034.zip,alisha_pc,1
all_on_rl__r20__arr500__rep003__209a0dbe7839,all_on_rl|robots=20|order_rate=500|rep=3,all_on_rl,20,500,3,44,2,strict_completed,zip:citi_angiebow_snapshot_20260709_221010.zip,citi_angiebow,1
all_on_rl__r20__arr500__rep004__2a1f42eae7cd,all_on_rl|robots=20|order_rate=500|rep=4,all_on_rl,20,500,4,45,2,strict_completed,zip:citi_gojira_snapshot_20260709_220803.zip,citi_gojira,1
all_on_rl__r20__arr500__rep005__3bf40b2b2824,all_on_rl|robots=20|order_rate=500|rep=5,all_on_rl,20,500,5,46,2,strict_completed,live,codex_local,2
all_on_rl__r20__arr500__rep006__b1c73a8a2d73,all_on_rl|robots=20|order_rate=500|rep=6,all_on_rl,20,500,6,47,2,strict_completed,zip:dewa_macbook_snapshot_20260709_214159.zip,dewa_macbook,1
all_on_rl__r20__arr500__rep007__5e4dae0661b0,all_on_rl|robots=20|order_rate=500|rep=7,all_on_rl,20,500,7,48,2,strict_completed,zip:win_admin_snapshot_20260709_221326.zip,win_admin,1
all_on_rl__r20__arr500__rep008__4a2e6914e80c,all_on_rl|robots=20|order_rate=500|rep=8,all_on_rl,20,500,8,49,2,strict_completed,zip:win_lukman_snapshot_20260709_221507.zip,win_lukman,1
all_on_rl__r20__arr500__rep009__30b31b6168e1,all_on_rl|robots=20|order_rate=500|rep=9,all_on_rl,20,500,9,50,2,strict_completed,zip:alisha_pc_snapshot_20260709_212034.zip,alisha_pc,1
all_on_rl__r20__arr500__rep010__2a302935e0f2,all_on_rl|robots=20|order_rate=500|rep=10,all_on_rl,20,500,10,51,2,strict_completed,zip:citi_angiebow_snapshot_20260709_221010.zip,citi_angiebow,1
all_on_rl__r20__arr500__rep011__9c5a892a79c9,all_on_rl|robots=20|order_rate=500|rep=11,all_on_rl,20,500,11,52,2,strict_completed,zip:citi_gojira_snapshot_20260709_220803.zip,citi_gojira,1
all_on_rl__r20__arr500__rep012__2e4e328f8dba,all_on_rl|robots=20|order_rate=500|rep=12,all_on_rl,20,500,12,53,2,strict_completed,live,codex_local,2
all_on_rl__r20__arr500__rep013__ca096e1ea083,all_on_rl|robots=20|order_rate=500|rep=13,all_on_rl,20,500,13,54,2,strict_completed,zip:dewa_macbook_snapshot_20260709_214159.zip,dewa_macbook,1
all_on_rl__r20__arr500__rep014__7c949ad04b35,all_on_rl|robots=20|order_rate=500|rep=14,all_on_rl,20,500,14,55,2,strict_completed,zip:win_admin_snapshot_20260709_221326.zip,win_admin,1
all_on_rl__r20__arr500__rep015__90bb5931a8d1,all_on_rl|robots=20|order_rate=500|rep=15,all_on_rl,20,500,15,56,2,strict_completed,zip:win_lukman_snapshot_20260709_221507.zip,win_lukman,1
all_on_rl__r20__arr500__rep016__66eb595e4000,all_on_rl|robots=20|order_rate=500|rep=16,all_on_rl,20,500,16,57,2,strict_completed,zip:alisha_pc_snapshot_20260709_212034.zip,alisha_pc,1
all_on_rl__r20__arr500__rep017__4dfdb93391f0,all_on_rl|robots=20|order_rate=500|rep=17,all_on_rl,20,500,17,58,2,strict_completed,zip:citi_angiebow_snapshot_20260709_221010.zip,citi_angiebow,1
all_on_rl__r20__arr500__rep018__2fc1ffc0dedc,all_on_rl|robots=20|order_rate=500|rep=18,all_on_rl,20,500,18,59,2,strict_completed,zip:citi_gojira_snapshot_20260709_220803.zip,citi_gojira,1
all_on_rl__r20__arr500__rep019__516e625120ca,all_on_rl|robots=20|order_rate=500|rep=19,all_on_rl,20,500,19,60,2,strict_completed,live,codex_local,2
all_on_rl__r20__arr500__rep020__a0bec87bdcf4,all_on_rl|robots=20|order_rate=500|rep=20,all_on_rl,20,500,20,61,2,strict_completed,zip:dewa_macbook_snapshot_20260709_214159.zip,dewa_macbook,1
all_off__r20__arr500__rep002__77ccee2ccbe2,all_off|robots=20|order_rate=500|rep=2,all_off,20,500,2,43,3,active_but_incomplete,,,1
all_off__r20__arr500__rep003__73ca83a1e9c5,all_off|robots=20|order_rate=500|rep=3,all_off,20,500,3,44,3,strict_completed,zip:citi_angiebow_snapshot_20260709_221010.zip,citi_angiebow,1
all_off__r20__arr500__rep004__7c0615cad99a,all_off|robots=20|order_rate=500|rep=4,all_off,20,500,4,45,3,strict_completed,zip:citi_gojira_snapshot_20260709_220803.zip,citi_gojira,1
all_off__r20__arr500__rep005__0ffb30be02d4,all_off|robots=20|order_rate=500|rep=5,all_off,20,500,5,46,3,strict_completed,live,codex_local,2
all_off__r20__arr500__rep006__b9a0485d566b,all_off|robots=20|order_rate=500|rep=6,all_off,20,500,6,47,3,strict_completed,zip:dewa_macbook_snapshot_20260709_214159.zip,dewa_macbook,1
all_off__r20__arr500__rep007__f90879b14620,all_off|robots=20|order_rate=500|rep=7,all_off,20,500,7,48,3,strict_completed,zip:win_admin_snapshot_20260709_221326.zip,win_admin,1
all_off__r20__arr500__rep008__ec394cd54e86,all_off|robots=20|order_rate=500|rep=8,all_off,20,500,8,49,3,strict_completed,zip:win_lukman_snapshot_20260709_221507.zip,win_lukman,1
all_off__r20__arr500__rep009__59e5fdbbde5a,all_off|robots=20|order_rate=500|rep=9,all_off,20,500,9,50,3,active_but_incomplete,,,1
all_off__r20__arr500__rep010__6d2aaa2584f2,all_off|robots=20|order_rate=500|rep=10,all_off,20,500,10,51,3,strict_completed,zip:citi_angiebow_snapshot_20260709_221010.zip,citi_angiebow,1
all_off__r20__arr500__rep011__33683c4291e0,all_off|robots=20|order_rate=500|rep=11,all_off,20,500,11,52,3,strict_completed,zip:citi_gojira_snapshot_20260709_220803.zip,citi_gojira,1
all_off__r20__arr500__rep012__49abdd8baa87,all_off|robots=20|order_rate=500|rep=12,all_off,20,500,12,53,3,strict_completed,live,codex_local,2
all_off__r20__arr500__rep013__851afd1bb15c,all_off|robots=20|order_rate=500|rep=13,all_off,20,500,13,54,3,strict_completed,zip:dewa_macbook_snapshot_20260709_214159.zip,dewa_macbook,1
all_off__r20__arr500__rep014__4d685fc001b5,all_off|robots=20|order_rate=500|rep=14,all_off,20,500,14,55,3,strict_completed,zip:win_admin_snapshot_20260709_221326.zip,win_admin,1
all_off__r20__arr500__rep015__28342c71902d,all_off|robots=20|order_rate=500|rep=15,all_off,20,500,15,56,3,strict_completed,zip:win_lukman_snapshot_20260709_221507.zip,win_lukman,1
all_off__r20__arr500__rep016__8959b5d462f3,all_off|robots=20|order_rate=500|rep=16,all_off,20,500,16,57,3,active_but_incomplete,,,1
all_off__r20__arr500__rep017__bca337329c42,all_off|robots=20|order_rate=500|rep=17,all_off,20,500,17,58,3,strict_completed,zip:citi_angiebow_snapshot_20260709_221010.zip,citi_angiebow,1
all_off__r20__arr500__rep018__f8747841d996,all_off|robots=20|order_rate=500|rep=18,all_off,20,500,18,59,3,strict_completed,zip:citi_gojira_snapshot_20260709_220803.zip,citi_gojira,1
all_off__r20__arr500__rep019__a5589e4876b8,all_off|robots=20|order_rate=500|rep=19,all_off,20,500,19,60,3,strict_completed,live,codex_local,2
all_off__r20__arr500__rep020__43457b34281f,all_off|robots=20|order_rate=500|rep=20,all_off,20,500,20,61,3,strict_completed,zip:dewa_macbook_snapshot_20260709_214159.zip,dewa_macbook,1
all_off__r10__arr400__rep002__e4fa7cdd9caf,all_off|robots=10|order_rate=400|rep=2,all_off,10,400,2,43,4,strict_completed,zip:win_admin_snapshot_20260709_221326.zip,win_admin,1
all_off__r10__arr400__rep003__837d291177cf,all_off|robots=10|order_rate=400|rep=3,all_off,10,400,3,44,4,strict_completed,zip:win_admin_snapshot_20260709_221326.zip,win_admin,1
all_off__r10__arr400__rep004__ff17b89751bb,all_off|robots=10|order_rate=400|rep=4,all_off,10,400,4,45,4,strict_completed,zip:win_admin_snapshot_20260709_221326.zip,win_admin,1
all_off__r10__arr400__rep005__6d0eb554ad43,all_off|robots=10|order_rate=400|rep=5,all_off,10,400,5,46,4,strict_completed,zip:citi_angiebow_snapshot_20260709_221010.zip,citi_angiebow,1
all_off__r10__arr400__rep006__affde1a5d88a,all_off|robots=10|order_rate=400|rep=6,all_off,10,400,6,47,4,active_but_incomplete,,,1
all_off__r10__arr400__rep007__5c4204616b12,all_off|robots=10|order_rate=400|rep=7,all_off,10,400,7,48,4,active_but_incomplete,,,1
all_off__r10__arr400__rep008__ddb3d42d769f,all_off|robots=10|order_rate=400|rep=8,all_off,10,400,8,49,4,active_but_incomplete,,,1
all_off__r10__arr400__rep009__5b904433dbfa,all_off|robots=10|order_rate=400|rep=9,all_off,10,400,9,50,4,strict_completed,live,codex_local,2
all_off__r10__arr400__rep010__f0b2551cb385,all_off|robots=10|order_rate=400|rep=10,all_off,10,400,10,51,4,strict_completed,live,codex_local,2
all_off__r10__arr400__rep011__57c9575c6bd3,all_off|robots=10|order_rate=400|rep=11,all_off,10,400,11,52,4,strict_completed,live,codex_local,2
all_off__r10__arr400__rep012__82a46121a55f,all_off|robots=10|order_rate=400|rep=12,all_off,10,400,12,53,4,strict_completed,live,codex_local,2
all_off__r10__arr400__rep013__89afeb61f054,all_off|robots=10|order_rate=400|rep=13,all_off,10,400,13,54,4,strict_completed,live,codex_local,2
all_off__r10__arr400__rep014__eb223cfaefbb,all_off|robots=10|order_rate=400|rep=14,all_off,10,400,14,55,4,strict_completed,live,codex_local,2
all_off__r10__arr400__rep015__03176c9c338c,all_off|robots=10|order_rate=400|rep=15,all_off,10,400,15,56,4,strict_completed,live,codex_local,2
all_off__r10__arr400__rep016__8e528843d78d,all_off|robots=10|order_rate=400|rep=16,all_off,10,400,16,57,4,strict_completed,live,codex_local,2
all_off__r10__arr400__rep017__83ad7c69d460,all_off|robots=10|order_rate=400|rep=17,all_off,10,400,17,58,4,strict_completed,zip:win_lukman_snapshot_20260709_221507.zip,win_lukman,1
all_off__r10__arr400__rep018__6ebd9edee00a,all_off|robots=10|order_rate=400|rep=18,all_off,10,400,18,59,4,strict_completed,zip:win_lukman_snapshot_20260709_221507.zip,win_lukman,1
all_off__r10__arr400__rep019__d59ef43718fa,all_off|robots=10|order_rate=400|rep=19,all_off,10,400,19,60,4,strict_completed,zip:win_lukman_snapshot_20260709_221507.zip,win_lukman,1
all_off__r10__arr400__rep020__14e098a34d17,all_off|robots=10|order_rate=400|rep=20,all_off,10,400,20,61,4,strict_completed,zip:win_lukman_snapshot_20260709_221507.zip,win_lukman,1
all_off__r10__arr500__rep002__3c555e8e341f,all_off|robots=10|order_rate=500|rep=2,all_off,10,500,2,43,4,active_but_incomplete,,,1
all_off__r10__arr500__rep003__4bb01e121305,all_off|robots=10|order_rate=500|rep=3,all_off,10,500,3,44,4,active_but_incomplete,,,1
all_off__r10__arr500__rep004__7ed8e82ba373,all_off|robots=10|order_rate=500|rep=4,all_off,10,500,4,45,4,active_but_incomplete,,,1
all_off__r10__arr500__rep005__e70aace483b8,all_off|robots=10|order_rate=500|rep=5,all_off,10,500,5,46,4,strict_completed,zip:citi_gojira_snapshot_20260709_220803.zip,citi_gojira,1
all_off__r10__arr500__rep006__5ef022c3d901,all_off|robots=10|order_rate=500|rep=6,all_off,10,500,6,47,4,strict_completed,zip:citi_gojira_snapshot_20260709_220803.zip,citi_gojira,1
all_off__r10__arr500__rep007__ed024af0b39a,all_off|robots=10|order_rate=500|rep=7,all_off,10,500,7,48,4,strict_completed,zip:citi_gojira_snapshot_20260709_220803.zip,citi_gojira,1
all_off__r10__arr500__rep008__71245415e451,all_off|robots=10|order_rate=500|rep=8,all_off,10,500,8,49,4,strict_completed,zip:citi_gojira_snapshot_20260709_220803.zip,citi_gojira,1
all_off__r10__arr500__rep009__171d2ec99dbe,all_off|robots=10|order_rate=500|rep=9,all_off,10,500,9,50,4,strict_completed,zip:citi_gojira_snapshot_20260709_220803.zip,citi_gojira,1
all_off__r10__arr500__rep010__f166dceb0358,all_off|robots=10|order_rate=500|rep=10,all_off,10,500,10,51,4,strict_completed,zip:citi_gojira_snapshot_20260709_220803.zip,citi_gojira,1
all_off__r10__arr500__rep011__ef98d72fc370,all_off|robots=10|order_rate=500|rep=11,all_off,10,500,11,52,4,strict_completed,zip:citi_gojira_snapshot_20260709_220803.zip,citi_gojira,1
all_off__r10__arr500__rep012__0f46bac1d71a,all_off|robots=10|order_rate=500|rep=12,all_off,10,500,12,53,4,strict_completed,zip:citi_gojira_snapshot_20260709_220803.zip,citi_gojira,1
all_off__r10__arr500__rep013__bd667c24c739,all_off|robots=10|order_rate=500|rep=13,all_off,10,500,13,54,4,strict_completed,zip:citi_gojira_snapshot_20260709_220803.zip,citi_gojira,1
all_off__r10__arr500__rep014__c8e6d784cadf,all_off|robots=10|order_rate=500|rep=14,all_off,10,500,14,55,4,strict_completed,zip:citi_gojira_snapshot_20260709_220803.zip,citi_gojira,1
all_off__r10__arr500__rep015__5ea4d5735911,all_off|robots=10|order_rate=500|rep=15,all_off,10,500,15,56,4,strict_completed,zip:citi_gojira_snapshot_20260709_220803.zip,citi_gojira,1
all_off__r10__arr500__rep016__6ebd1afaf597,all_off|robots=10|order_rate=500|rep=16,all_off,10,500,16,57,4,strict_completed,zip:citi_gojira_snapshot_20260709_220803.zip,citi_gojira,1
all_off__r10__arr500__rep017__1544a32b2ac7,all_off|robots=10|order_rate=500|rep=17,all_off,10,500,17,58,4,strict_completed,zip:citi_gojira_snapshot_20260709_220803.zip,citi_gojira,1
all_off__r10__arr500__rep018__8edd70ffbaa8,all_off|robots=10|order_rate=500|rep=18,all_off,10,500,18,59,4,strict_completed,zip:citi_gojira_snapshot_20260709_220803.zip,citi_gojira,1
all_off__r10__arr500__rep019__41099658f8c4,all_off|robots=10|order_rate=500|rep=19,all_off,10,500,19,60,4,strict_completed,zip:citi_gojira_snapshot_20260709_220803.zip,citi_gojira,1
all_off__r10__arr500__rep020__7c6ca89dc242,all_off|robots=10|order_rate=500|rep=20,all_off,10,500,20,61,4,strict_completed,zip:citi_gojira_snapshot_20260709_220803.zip,citi_gojira,1
all_off__r10__arr600__rep002__348230d2cd08,all_off|robots=10|order_rate=600|rep=2,all_off,10,600,2,43,4,strict_completed,zip:citi_gojira_snapshot_20260709_220803.zip,citi_gojira,1
all_off__r10__arr600__rep003__c58208d6868d,all_off|robots=10|order_rate=600|rep=3,all_off,10,600,3,44,4,strict_completed,zip:citi_gojira_snapshot_20260709_220803.zip,citi_gojira,1
all_off__r10__arr600__rep004__c8be845b66d8,all_off|robots=10|order_rate=600|rep=4,all_off,10,600,4,45,4,strict_completed,zip:citi_gojira_snapshot_20260709_220803.zip,citi_gojira,1
all_off__r10__arr600__rep005__6b4c3b896d3f,all_off|robots=10|order_rate=600|rep=5,all_off,10,600,5,46,4,strict_completed,zip:citi_gojira_snapshot_20260709_220803.zip,citi_gojira,1
all_off__r10__arr600__rep006__8fffa4e225d6,all_off|robots=10|order_rate=600|rep=6,all_off,10,600,6,47,4,strict_completed,zip:citi_gojira_snapshot_20260709_220803.zip,citi_gojira,1
all_off__r10__arr600__rep007__2f98aee4dd71,all_off|robots=10|order_rate=600|rep=7,all_off,10,600,7,48,4,strict_completed,zip:citi_gojira_snapshot_20260709_220803.zip,citi_gojira,1
all_off__r10__arr600__rep008__c2ed407898ed,all_off|robots=10|order_rate=600|rep=8,all_off,10,600,8,49,4,incomplete,,,1
all_off__r10__arr600__rep009__bce2a8a444dd,all_off|robots=10|order_rate=600|rep=9,all_off,10,600,9,50,4,incomplete,,,1
all_off__r10__arr600__rep010__df8dccbc00be,all_off|robots=10|order_rate=600|rep=10,all_off,10,600,10,51,4,incomplete,,,1
all_off__r10__arr600__rep011__1e9837ad382f,all_off|robots=10|order_rate=600|rep=11,all_off,10,600,11,52,4,incomplete,,,1
all_off__r10__arr600__rep012__9e822d6c8c2c,all_off|robots=10|order_rate=600|rep=12,all_off,10,600,12,53,4,incomplete,,,1
all_off__r10__arr600__rep013__7ee448d45c07,all_off|robots=10|order_rate=600|rep=13,all_off,10,600,13,54,4,incomplete,,,1
all_off__r10__arr600__rep014__6ec389affcdf,all_off|robots=10|order_rate=600|rep=14,all_off,10,600,14,55,4,incomplete,,,1
all_off__r10__arr600__rep015__be8f2155c527,all_off|robots=10|order_rate=600|rep=15,all_off,10,600,15,56,4,incomplete,,,1
all_off__r10__arr600__rep016__004282f6f2fc,all_off|robots=10|order_rate=600|rep=16,all_off,10,600,16,57,4,active_but_incomplete,,,1
all_off__r10__arr600__rep017__a75b4aef14b2,all_off|robots=10|order_rate=600|rep=17,all_off,10,600,17,58,4,incomplete,,,1
all_off__r10__arr600__rep018__ca8146170d98,all_off|robots=10|order_rate=600|rep=18,all_off,10,600,18,59,4,incomplete,,,1
all_off__r10__arr600__rep019__155f4180c681,all_off|robots=10|order_rate=600|rep=19,all_off,10,600,19,60,4,incomplete,,,1
all_off__r10__arr600__rep020__d78d6ca17ab7,all_off|robots=10|order_rate=600|rep=20,all_off,10,600,20,61,4,active_but_incomplete,,,1
all_off__r15__arr400__rep002__c37408a0f984,all_off|robots=15|order_rate=400|rep=2,all_off,15,400,2,43,4,strict_completed,zip:citi_gojira_snapshot_20260709_220803.zip,citi_gojira,1
all_off__r15__arr400__rep003__812e5a0176e4,all_off|robots=15|order_rate=400|rep=3,all_off,15,400,3,44,4,strict_completed,zip:citi_gojira_snapshot_20260709_220803.zip,citi_gojira,1
all_off__r15__arr400__rep004__11b8f0687eca,all_off|robots=15|order_rate=400|rep=4,all_off,15,400,4,45,4,incomplete,,,1
all_off__r15__arr400__rep005__47f0c15c3c1c,all_off|robots=15|order_rate=400|rep=5,all_off,15,400,5,46,4,incomplete,,,1
all_off__r15__arr400__rep006__abd053c684b7,all_off|robots=15|order_rate=400|rep=6,all_off,15,400,6,47,4,incomplete,,,1
all_off__r15__arr400__rep007__4aec920fa892,all_off|robots=15|order_rate=400|rep=7,all_off,15,400,7,48,4,incomplete,,,1
all_off__r15__arr400__rep008__f26e70dc72e8,all_off|robots=15|order_rate=400|rep=8,all_off,15,400,8,49,4,active_but_incomplete,,,1
all_off__r15__arr400__rep009__c3d107c3c5ce,all_off|robots=15|order_rate=400|rep=9,all_off,15,400,9,50,4,active_but_incomplete,,,1
all_off__r15__arr400__rep010__f388345f05de,all_off|robots=15|order_rate=400|rep=10,all_off,15,400,10,51,4,active_but_incomplete,,,1
all_off__r15__arr400__rep011__fe16e072254b,all_off|robots=15|order_rate=400|rep=11,all_off,15,400,11,52,4,active_but_incomplete,,,1
all_off__r15__arr400__rep012__da28c08c5740,all_off|robots=15|order_rate=400|rep=12,all_off,15,400,12,53,4,active_but_incomplete,,,1
all_off__r15__arr400__rep013__f56c1307bdb7,all_off|robots=15|order_rate=400|rep=13,all_off,15,400,13,54,4,active_but_incomplete,,,1
all_off__r15__arr400__rep014__b4757fcd934c,all_off|robots=15|order_rate=400|rep=14,all_off,15,400,14,55,4,active_but_incomplete,,,1
all_off__r15__arr400__rep015__ad79b55d4624,all_off|robots=15|order_rate=400|rep=15,all_off,15,400,15,56,4,incomplete,,,1
all_off__r15__arr400__rep016__fd176bde8b35,all_off|robots=15|order_rate=400|rep=16,all_off,15,400,16,57,4,strict_completed,zip:win_admin_snapshot_20260709_221326.zip,win_admin,1
all_off__r15__arr400__rep017__6ebd0a1371fd,all_off|robots=15|order_rate=400|rep=17,all_off,15,400,17,58,4,strict_completed,zip:win_admin_snapshot_20260709_221326.zip,win_admin,1
all_off__r15__arr400__rep018__963c4fd6249a,all_off|robots=15|order_rate=400|rep=18,all_off,15,400,18,59,4,active_but_incomplete,,,1
all_off__r15__arr400__rep019__dfc44083cc5e,all_off|robots=15|order_rate=400|rep=19,all_off,15,400,19,60,4,active_but_incomplete,,,1
all_off__r15__arr400__rep020__c9f6e3c67584,all_off|robots=15|order_rate=400|rep=20,all_off,15,400,20,61,4,active_but_incomplete,,,1
all_off__r15__arr500__rep002__aab9fadc6c8f,all_off|robots=15|order_rate=500|rep=2,all_off,15,500,2,43,4,incomplete,,,1
all_off__r15__arr500__rep003__e1a165ff1d5d,all_off|robots=15|order_rate=500|rep=3,all_off,15,500,3,44,4,incomplete,,,1
all_off__r15__arr500__rep004__4ccfd75c8b7d,all_off|robots=15|order_rate=500|rep=4,all_off,15,500,4,45,4,incomplete,,,1
all_off__r15__arr500__rep005__46706c4cb2e6,all_off|robots=15|order_rate=500|rep=5,all_off,15,500,5,46,4,incomplete,,,1
all_off__r15__arr500__rep006__729311797d44,all_off|robots=15|order_rate=500|rep=6,all_off,15,500,6,47,4,incomplete,,,1
all_off__r15__arr500__rep007__813ca307cb43,all_off|robots=15|order_rate=500|rep=7,all_off,15,500,7,48,4,incomplete,,,1
all_off__r15__arr500__rep008__f58e392d8f1a,all_off|robots=15|order_rate=500|rep=8,all_off,15,500,8,49,4,incomplete,,,1
all_off__r15__arr500__rep009__a00823886791,all_off|robots=15|order_rate=500|rep=9,all_off,15,500,9,50,4,active_but_incomplete,,,1
all_off__r15__arr500__rep010__e0b3fb4ea878,all_off|robots=15|order_rate=500|rep=10,all_off,15,500,10,51,4,incomplete,,,1
all_off__r15__arr500__rep011__69b0239dd172,all_off|robots=15|order_rate=500|rep=11,all_off,15,500,11,52,4,incomplete,,,1
all_off__r15__arr500__rep012__e171dd790314,all_off|robots=15|order_rate=500|rep=12,all_off,15,500,12,53,4,incomplete,,,1
all_off__r15__arr500__rep013__f3a9af0c36c9,all_off|robots=15|order_rate=500|rep=13,all_off,15,500,13,54,4,active_but_incomplete,,,1
all_off__r15__arr500__rep014__3431dc7dab57,all_off|robots=15|order_rate=500|rep=14,all_off,15,500,14,55,4,incomplete,,,1
all_off__r15__arr500__rep015__07a8339181cb,all_off|robots=15|order_rate=500|rep=15,all_off,15,500,15,56,4,active_but_incomplete,,,1
all_off__r15__arr500__rep016__1f9c654b7f69,all_off|robots=15|order_rate=500|rep=16,all_off,15,500,16,57,4,active_but_incomplete,,,1
all_off__r15__arr500__rep017__fd861147b8fe,all_off|robots=15|order_rate=500|rep=17,all_off,15,500,17,58,4,active_but_incomplete,,,1
all_off__r15__arr500__rep018__81d773f6be43,all_off|robots=15|order_rate=500|rep=18,all_off,15,500,18,59,4,incomplete,,,1
all_off__r15__arr500__rep019__4a03152e7d43,all_off|robots=15|order_rate=500|rep=19,all_off,15,500,19,60,4,incomplete,,,1
all_off__r15__arr500__rep020__2839e5ec7d65,all_off|robots=15|order_rate=500|rep=20,all_off,15,500,20,61,4,incomplete,,,1
all_off__r15__arr600__rep002__ed264170dab5,all_off|robots=15|order_rate=600|rep=2,all_off,15,600,2,43,4,strict_completed,live,codex_local,2
all_off__r15__arr600__rep003__4e54d2fb8458,all_off|robots=15|order_rate=600|rep=3,all_off,15,600,3,44,4,failed,,,2
all_off__r15__arr600__rep004__299f116f5c23,all_off|robots=15|order_rate=600|rep=4,all_off,15,600,4,45,4,failed,,,2
all_off__r15__arr600__rep005__4fc0c15114fd,all_off|robots=15|order_rate=600|rep=5,all_off,15,600,5,46,4,failed,,,2
all_off__r15__arr600__rep006__17a3d302bb5e,all_off|robots=15|order_rate=600|rep=6,all_off,15,600,6,47,4,failed,,,2
all_off__r15__arr600__rep007__9f919398ded0,all_off|robots=15|order_rate=600|rep=7,all_off,15,600,7,48,4,failed,,,2
all_off__r15__arr600__rep008__e82498267504,all_off|robots=15|order_rate=600|rep=8,all_off,15,600,8,49,4,failed,,,2
all_off__r15__arr600__rep009__06f58003bedc,all_off|robots=15|order_rate=600|rep=9,all_off,15,600,9,50,4,failed,,,2
all_off__r15__arr600__rep010__219ec7ba90be,all_off|robots=15|order_rate=600|rep=10,all_off,15,600,10,51,4,strict_completed,zip:citi_gojira_snapshot_20260709_220803.zip,citi_gojira,1
all_off__r15__arr600__rep011__981b827cb1a0,all_off|robots=15|order_rate=600|rep=11,all_off,15,600,11,52,4,strict_completed,zip:citi_gojira_snapshot_20260709_220803.zip,citi_gojira,1
all_off__r15__arr600__rep012__8a539e84b620,all_off|robots=15|order_rate=600|rep=12,all_off,15,600,12,53,4,strict_completed,zip:citi_gojira_snapshot_20260709_220803.zip,citi_gojira,1
all_off__r15__arr600__rep013__6a8d500f09e6,all_off|robots=15|order_rate=600|rep=13,all_off,15,600,13,54,4,strict_completed,zip:citi_gojira_snapshot_20260709_220803.zip,citi_gojira,1
all_off__r15__arr600__rep014__06fbc1d5d72c,all_off|robots=15|order_rate=600|rep=14,all_off,15,600,14,55,4,strict_completed,zip:citi_gojira_snapshot_20260709_220803.zip,citi_gojira,1
all_off__r15__arr600__rep015__ba2f772ba7e2,all_off|robots=15|order_rate=600|rep=15,all_off,15,600,15,56,4,strict_completed,zip:citi_gojira_snapshot_20260709_220803.zip,citi_gojira,1
all_off__r15__arr600__rep016__5f7d8b1d56be,all_off|robots=15|order_rate=600|rep=16,all_off,15,600,16,57,4,incomplete,,,1
all_off__r15__arr600__rep017__1c243eb272b2,all_off|robots=15|order_rate=600|rep=17,all_off,15,600,17,58,4,incomplete,,,1
all_off__r15__arr600__rep018__ba38f4fd9a84,all_off|robots=15|order_rate=600|rep=18,all_off,15,600,18,59,4,incomplete,,,1
all_off__r15__arr600__rep019__ad1b73dcdafc,all_off|robots=15|order_rate=600|rep=19,all_off,15,600,19,60,4,incomplete,,,1
all_off__r15__arr600__rep020__b3c1accb92b8,all_off|robots=15|order_rate=600|rep=20,all_off,15,600,20,61,4,incomplete,,,1
all_off__r20__arr400__rep002__a3a17756d726,all_off|robots=20|order_rate=400|rep=2,all_off,20,400,2,43,4,failed,,,2
all_off__r20__arr400__rep003__6555ccc83724,all_off|robots=20|order_rate=400|rep=3,all_off,20,400,3,44,4,incomplete,,,2
all_off__r20__arr400__rep004__27a6cb4e1285,all_off|robots=20|order_rate=400|rep=4,all_off,20,400,4,45,4,incomplete,,,2
all_off__r20__arr400__rep005__a5492d59ab6f,all_off|robots=20|order_rate=400|rep=5,all_off,20,400,5,46,4,incomplete,,,2
all_off__r20__arr400__rep006__29ecee5a3d18,all_off|robots=20|order_rate=400|rep=6,all_off,20,400,6,47,4,incomplete,,,2
all_off__r20__arr400__rep007__62609b39b4ff,all_off|robots=20|order_rate=400|rep=7,all_off,20,400,7,48,4,incomplete,,,2
all_off__r20__arr400__rep008__de630e754144,all_off|robots=20|order_rate=400|rep=8,all_off,20,400,8,49,4,incomplete,,,2
all_off__r20__arr400__rep009__a3d8fa759d7b,all_off|robots=20|order_rate=400|rep=9,all_off,20,400,9,50,4,incomplete,,,2
all_off__r20__arr400__rep010__c2e763d62206,all_off|robots=20|order_rate=400|rep=10,all_off,20,400,10,51,4,strict_completed,zip:citi_gojira_snapshot_20260709_220803.zip,citi_gojira,1
all_off__r20__arr400__rep011__162bc34c4f60,all_off|robots=20|order_rate=400|rep=11,all_off,20,400,11,52,4,strict_completed,zip:citi_gojira_snapshot_20260709_220803.zip,citi_gojira,1
all_off__r20__arr400__rep012__faa74365d64e,all_off|robots=20|order_rate=400|rep=12,all_off,20,400,12,53,4,strict_completed,zip:citi_gojira_snapshot_20260709_220803.zip,citi_gojira,1
all_off__r20__arr400__rep013__819a599a1513,all_off|robots=20|order_rate=400|rep=13,all_off,20,400,13,54,4,strict_completed,zip:citi_gojira_snapshot_20260709_220803.zip,citi_gojira,1
all_off__r20__arr400__rep014__e6105f03d5e9,all_off|robots=20|order_rate=400|rep=14,all_off,20,400,14,55,4,strict_completed,zip:citi_gojira_snapshot_20260709_220803.zip,citi_gojira,1
all_off__r20__arr400__rep015__e888da1d8e37,all_off|robots=20|order_rate=400|rep=15,all_off,20,400,15,56,4,strict_completed,zip:citi_gojira_snapshot_20260709_220803.zip,citi_gojira,1
all_off__r20__arr400__rep016__aa8710228766,all_off|robots=20|order_rate=400|rep=16,all_off,20,400,16,57,4,incomplete,,,1
all_off__r20__arr400__rep017__9af1d93e52c3,all_off|robots=20|order_rate=400|rep=17,all_off,20,400,17,58,4,incomplete,,,1
all_off__r20__arr400__rep018__0e4b0263d30f,all_off|robots=20|order_rate=400|rep=18,all_off,20,400,18,59,4,incomplete,,,1
all_off__r20__arr400__rep019__b5836b5a76c9,all_off|robots=20|order_rate=400|rep=19,all_off,20,400,19,60,4,incomplete,,,1
all_off__r20__arr400__rep020__92c8f3c4465e,all_off|robots=20|order_rate=400|rep=20,all_off,20,400,20,61,4,incomplete,,,1
all_off__r20__arr600__rep002__86b5c8cc95b1,all_off|robots=20|order_rate=600|rep=2,all_off,20,600,2,43,4,incomplete,,,1
all_off__r20__arr600__rep003__bc3bcff2fe28,all_off|robots=20|order_rate=600|rep=3,all_off,20,600,3,44,4,incomplete,,,1
all_off__r20__arr600__rep004__0ebd345372d6,all_off|robots=20|order_rate=600|rep=4,all_off,20,600,4,45,4,incomplete,,,1
all_off__r20__arr600__rep005__735f9e12d038,all_off|robots=20|order_rate=600|rep=5,all_off,20,600,5,46,4,incomplete,,,1
all_off__r20__arr600__rep006__5bd9bb8f3c0d,all_off|robots=20|order_rate=600|rep=6,all_off,20,600,6,47,4,incomplete,,,1
all_off__r20__arr600__rep007__99bf1eab909b,all_off|robots=20|order_rate=600|rep=7,all_off,20,600,7,48,4,incomplete,,,1
all_off__r20__arr600__rep008__57815c07437b,all_off|robots=20|order_rate=600|rep=8,all_off,20,600,8,49,4,incomplete,,,1
all_off__r20__arr600__rep009__80aed1ab67d0,all_off|robots=20|order_rate=600|rep=9,all_off,20,600,9,50,4,strict_completed,zip:citi_gojira_snapshot_20260709_220803.zip,citi_gojira,1
all_off__r20__arr600__rep010__979b94ca08c9,all_off|robots=20|order_rate=600|rep=10,all_off,20,600,10,51,4,active_but_incomplete,,,1
all_off__r20__arr600__rep011__684c32d1fd37,all_off|robots=20|order_rate=600|rep=11,all_off,20,600,11,52,4,active_but_incomplete,,,1
all_off__r20__arr600__rep012__a655c2bb589e,all_off|robots=20|order_rate=600|rep=12,all_off,20,600,12,53,4,active_but_incomplete,,,1
all_off__r20__arr600__rep013__14b26d25dab6,all_off|robots=20|order_rate=600|rep=13,all_off,20,600,13,54,4,active_but_incomplete,,,1
all_off__r20__arr600__rep014__c75d90d2eef7,all_off|robots=20|order_rate=600|rep=14,all_off,20,600,14,55,4,active_but_incomplete,,,1
all_off__r20__arr600__rep015__62e80fbd733b,all_off|robots=20|order_rate=600|rep=15,all_off,20,600,15,56,4,active_but_incomplete,,,1
all_off__r20__arr600__rep016__652a5dea076e,all_off|robots=20|order_rate=600|rep=16,all_off,20,600,16,57,4,strict_completed,zip:citi_gojira_snapshot_20260709_220803.zip,citi_gojira,1
all_off__r20__arr600__rep017__d3853d7c6d6f,all_off|robots=20|order_rate=600|rep=17,all_off,20,600,17,58,4,active_but_incomplete,,,1
all_off__r20__arr600__rep018__1af8f0de5230,all_off|robots=20|order_rate=600|rep=18,all_off,20,600,18,59,4,strict_completed,zip:citi_gojira_snapshot_20260709_220803.zip,citi_gojira,1
all_off__r20__arr600__rep019__dcadd9a329db,all_off|robots=20|order_rate=600|rep=19,all_off,20,600,19,60,4,active_but_incomplete,,,1
all_off__r20__arr600__rep020__7ead3735e061,all_off|robots=20|order_rate=600|rep=20,all_off,20,600,20,61,4,strict_completed,zip:citi_gojira_snapshot_20260709_220803.zip,citi_gojira,1
all_off__r25__arr400__rep002__5b1bde5e70db,all_off|robots=25|order_rate=400|rep=2,all_off,25,400,2,43,4,incomplete,,,1
all_off__r25__arr400__rep003__577747f152f9,all_off|robots=25|order_rate=400|rep=3,all_off,25,400,3,44,4,incomplete,,,1
all_off__r25__arr400__rep004__3787d213c818,all_off|robots=25|order_rate=400|rep=4,all_off,25,400,4,45,4,incomplete,,,1
all_off__r25__arr400__rep005__05ee74039fb5,all_off|robots=25|order_rate=400|rep=5,all_off,25,400,5,46,4,incomplete,,,1
all_off__r25__arr400__rep006__0ca5cb7f781b,all_off|robots=25|order_rate=400|rep=6,all_off,25,400,6,47,4,incomplete,,,1
all_off__r25__arr400__rep007__ccad4810a0f6,all_off|robots=25|order_rate=400|rep=7,all_off,25,400,7,48,4,incomplete,,,1
all_off__r25__arr400__rep008__53af23f63256,all_off|robots=25|order_rate=400|rep=8,all_off,25,400,8,49,4,incomplete,,,1
all_off__r25__arr400__rep009__95471fd1182d,all_off|robots=25|order_rate=400|rep=9,all_off,25,400,9,50,4,active_but_incomplete,,,1
all_off__r25__arr400__rep010__97a66bb01c9e,all_off|robots=25|order_rate=400|rep=10,all_off,25,400,10,51,4,active_but_incomplete,,,1
all_off__r25__arr400__rep011__7f88c9b1ac10,all_off|robots=25|order_rate=400|rep=11,all_off,25,400,11,52,4,active_but_incomplete,,,1
all_off__r25__arr400__rep012__d104448272ee,all_off|robots=25|order_rate=400|rep=12,all_off,25,400,12,53,4,active_but_incomplete,,,1
all_off__r25__arr400__rep013__285081971d9b,all_off|robots=25|order_rate=400|rep=13,all_off,25,400,13,54,4,active_but_incomplete,,,1
all_off__r25__arr400__rep014__24c45b679889,all_off|robots=25|order_rate=400|rep=14,all_off,25,400,14,55,4,active_but_incomplete,,,1
all_off__r25__arr400__rep015__0722158b822d,all_off|robots=25|order_rate=400|rep=15,all_off,25,400,15,56,4,strict_completed,zip:citi_gojira_snapshot_20260709_220803.zip,citi_gojira,1
all_off__r25__arr400__rep016__98a06676a5de,all_off|robots=25|order_rate=400|rep=16,all_off,25,400,16,57,4,active_but_incomplete,,,1
all_off__r25__arr400__rep017__da5d72f71593,all_off|robots=25|order_rate=400|rep=17,all_off,25,400,17,58,4,active_but_incomplete,,,1
all_off__r25__arr400__rep018__5c0138bccd56,all_off|robots=25|order_rate=400|rep=18,all_off,25,400,18,59,4,active_but_incomplete,,,1
all_off__r25__arr400__rep019__cff2db11ce3f,all_off|robots=25|order_rate=400|rep=19,all_off,25,400,19,60,4,active_but_incomplete,,,1
all_off__r25__arr400__rep020__f399379d9dd9,all_off|robots=25|order_rate=400|rep=20,all_off,25,400,20,61,4,active_but_incomplete,,,1
all_off__r25__arr500__rep002__40594a3da622,all_off|robots=25|order_rate=500|rep=2,all_off,25,500,2,43,4,active_but_incomplete,,,1
all_off__r25__arr500__rep003__930162907588,all_off|robots=25|order_rate=500|rep=3,all_off,25,500,3,44,4,active_but_incomplete,,,1
all_off__r25__arr500__rep004__95447177b13e,all_off|robots=25|order_rate=500|rep=4,all_off,25,500,4,45,4,active_but_incomplete,,,1
all_off__r25__arr500__rep005__cb7bd6423bcf,all_off|robots=25|order_rate=500|rep=5,all_off,25,500,5,46,4,active_but_incomplete,,,1
all_off__r25__arr500__rep006__1fe56aabb189,all_off|robots=25|order_rate=500|rep=6,all_off,25,500,6,47,4,active_but_incomplete,,,1
all_off__r25__arr500__rep007__162619b11608,all_off|robots=25|order_rate=500|rep=7,all_off,25,500,7,48,4,incomplete,,,1
all_off__r25__arr500__rep008__c4d54adc7169,all_off|robots=25|order_rate=500|rep=8,all_off,25,500,8,49,4,incomplete,,,1
all_off__r25__arr500__rep009__ced3a2598f4b,all_off|robots=25|order_rate=500|rep=9,all_off,25,500,9,50,4,incomplete,,,1
all_off__r25__arr500__rep010__bbaed11e1145,all_off|robots=25|order_rate=500|rep=10,all_off,25,500,10,51,4,incomplete,,,1
all_off__r25__arr500__rep011__b0d149cdc03a,all_off|robots=25|order_rate=500|rep=11,all_off,25,500,11,52,4,incomplete,,,1
all_off__r25__arr500__rep012__a45293a28e0c,all_off|robots=25|order_rate=500|rep=12,all_off,25,500,12,53,4,incomplete,,,1
all_off__r25__arr500__rep013__8bf8dbe9c213,all_off|robots=25|order_rate=500|rep=13,all_off,25,500,13,54,4,incomplete,,,1
all_off__r25__arr500__rep014__fe42da78c457,all_off|robots=25|order_rate=500|rep=14,all_off,25,500,14,55,4,incomplete,,,1
all_off__r25__arr500__rep015__c4910079dc37,all_off|robots=25|order_rate=500|rep=15,all_off,25,500,15,56,4,incomplete,,,1
all_off__r25__arr500__rep016__02b1045097c2,all_off|robots=25|order_rate=500|rep=16,all_off,25,500,16,57,4,incomplete,,,1
all_off__r25__arr500__rep017__b143e9bc2e1c,all_off|robots=25|order_rate=500|rep=17,all_off,25,500,17,58,4,incomplete,,,1
all_off__r25__arr500__rep018__fe201a0c9c25,all_off|robots=25|order_rate=500|rep=18,all_off,25,500,18,59,4,incomplete,,,1
all_off__r25__arr500__rep019__752d4b41d19c,all_off|robots=25|order_rate=500|rep=19,all_off,25,500,19,60,4,incomplete,,,1
all_off__r25__arr500__rep020__98e469981234,all_off|robots=25|order_rate=500|rep=20,all_off,25,500,20,61,4,incomplete,,,1
all_off__r25__arr600__rep002__dfc8c52642f9,all_off|robots=25|order_rate=600|rep=2,all_off,25,600,2,43,4,incomplete,,,1
all_off__r25__arr600__rep003__c3c2a4c71311,all_off|robots=25|order_rate=600|rep=3,all_off,25,600,3,44,4,incomplete,,,1
all_off__r25__arr600__rep004__0c1344c7fd1c,all_off|robots=25|order_rate=600|rep=4,all_off,25,600,4,45,4,incomplete,,,1
all_off__r25__arr600__rep005__82788315d23e,all_off|robots=25|order_rate=600|rep=5,all_off,25,600,5,46,4,incomplete,,,1
all_off__r25__arr600__rep006__12064e81d432,all_off|robots=25|order_rate=600|rep=6,all_off,25,600,6,47,4,incomplete,,,1
all_off__r25__arr600__rep007__fe3c6f4f8c1c,all_off|robots=25|order_rate=600|rep=7,all_off,25,600,7,48,4,incomplete,,,1
all_off__r25__arr600__rep008__bd4eb174cc7d,all_off|robots=25|order_rate=600|rep=8,all_off,25,600,8,49,4,incomplete,,,1
all_off__r25__arr600__rep009__3ecebc796d8c,all_off|robots=25|order_rate=600|rep=9,all_off,25,600,9,50,4,incomplete,,,1
all_off__r25__arr600__rep010__29b86f947a7e,all_off|robots=25|order_rate=600|rep=10,all_off,25,600,10,51,4,incomplete,,,1
all_off__r25__arr600__rep011__c5564c3b9912,all_off|robots=25|order_rate=600|rep=11,all_off,25,600,11,52,4,incomplete,,,1
all_off__r25__arr600__rep012__10571d57950b,all_off|robots=25|order_rate=600|rep=12,all_off,25,600,12,53,4,incomplete,,,1
all_off__r25__arr600__rep013__bfc4a39a3315,all_off|robots=25|order_rate=600|rep=13,all_off,25,600,13,54,4,incomplete,,,1
all_off__r25__arr600__rep014__0cef43474b9a,all_off|robots=25|order_rate=600|rep=14,all_off,25,600,14,55,4,incomplete,,,1
all_off__r25__arr600__rep015__916176ef1084,all_off|robots=25|order_rate=600|rep=15,all_off,25,600,15,56,4,incomplete,,,1
all_off__r25__arr600__rep016__64ee20d7482f,all_off|robots=25|order_rate=600|rep=16,all_off,25,600,16,57,4,incomplete,,,1
all_off__r25__arr600__rep017__0eb1def523ae,all_off|robots=25|order_rate=600|rep=17,all_off,25,600,17,58,4,incomplete,,,1
all_off__r25__arr600__rep018__41f3478fd71b,all_off|robots=25|order_rate=600|rep=18,all_off,25,600,18,59,4,incomplete,,,1
all_off__r25__arr600__rep019__1c118ad284b2,all_off|robots=25|order_rate=600|rep=19,all_off,25,600,19,60,4,incomplete,,,1
all_off__r25__arr600__rep020__0c5cdae819ec,all_off|robots=25|order_rate=600|rep=20,all_off,25,600,20,61,4,incomplete,,,1
all_off__r30__arr400__rep002__c596929f7fcf,all_off|robots=30|order_rate=400|rep=2,all_off,30,400,2,43,4,incomplete,,,1
all_off__r30__arr400__rep003__f31a64e95a3d,all_off|robots=30|order_rate=400|rep=3,all_off,30,400,3,44,4,incomplete,,,1
all_off__r30__arr400__rep004__14c14552a55f,all_off|robots=30|order_rate=400|rep=4,all_off,30,400,4,45,4,incomplete,,,1
all_off__r30__arr400__rep005__80bc19cfdbf3,all_off|robots=30|order_rate=400|rep=5,all_off,30,400,5,46,4,incomplete,,,1
all_off__r30__arr400__rep006__9b0054c37edd,all_off|robots=30|order_rate=400|rep=6,all_off,30,400,6,47,4,incomplete,,,1
all_off__r30__arr400__rep007__e4711a9e169d,all_off|robots=30|order_rate=400|rep=7,all_off,30,400,7,48,4,incomplete,,,1
all_off__r30__arr400__rep008__3ebae9a18dd3,all_off|robots=30|order_rate=400|rep=8,all_off,30,400,8,49,4,incomplete,,,1
all_off__r30__arr400__rep009__a4c89571c09c,all_off|robots=30|order_rate=400|rep=9,all_off,30,400,9,50,4,incomplete,,,1
all_off__r30__arr400__rep010__4a6578fd8cda,all_off|robots=30|order_rate=400|rep=10,all_off,30,400,10,51,4,incomplete,,,1
all_off__r30__arr400__rep011__0787dc845296,all_off|robots=30|order_rate=400|rep=11,all_off,30,400,11,52,4,incomplete,,,1
all_off__r30__arr400__rep012__5cfa125e8224,all_off|robots=30|order_rate=400|rep=12,all_off,30,400,12,53,4,incomplete,,,1
all_off__r30__arr400__rep013__876a74e5a8ee,all_off|robots=30|order_rate=400|rep=13,all_off,30,400,13,54,4,incomplete,,,1
all_off__r30__arr400__rep014__188c2f06fc02,all_off|robots=30|order_rate=400|rep=14,all_off,30,400,14,55,4,incomplete,,,1
all_off__r30__arr400__rep015__f44c96adb0e6,all_off|robots=30|order_rate=400|rep=15,all_off,30,400,15,56,4,incomplete,,,1
all_off__r30__arr400__rep016__ebb69914fe8b,all_off|robots=30|order_rate=400|rep=16,all_off,30,400,16,57,4,incomplete,,,1
all_off__r30__arr400__rep017__e627b4b43d5f,all_off|robots=30|order_rate=400|rep=17,all_off,30,400,17,58,4,incomplete,,,1
all_off__r30__arr400__rep018__bc407daca9f4,all_off|robots=30|order_rate=400|rep=18,all_off,30,400,18,59,4,incomplete,,,1
all_off__r30__arr400__rep019__011477a04bd6,all_off|robots=30|order_rate=400|rep=19,all_off,30,400,19,60,4,incomplete,,,1
all_off__r30__arr400__rep020__f4f59cb100c3,all_off|robots=30|order_rate=400|rep=20,all_off,30,400,20,61,4,incomplete,,,1
all_off__r30__arr500__rep002__5d3bc5ed0ec3,all_off|robots=30|order_rate=500|rep=2,all_off,30,500,2,43,4,incomplete,,,1
all_off__r30__arr500__rep003__b56b9300d519,all_off|robots=30|order_rate=500|rep=3,all_off,30,500,3,44,4,incomplete,,,1
all_off__r30__arr500__rep004__3a65be7e170c,all_off|robots=30|order_rate=500|rep=4,all_off,30,500,4,45,4,incomplete,,,1
all_off__r30__arr500__rep005__fc4d588152b9,all_off|robots=30|order_rate=500|rep=5,all_off,30,500,5,46,4,incomplete,,,1
all_off__r30__arr500__rep006__0dedfb881f90,all_off|robots=30|order_rate=500|rep=6,all_off,30,500,6,47,4,incomplete,,,2
all_off__r30__arr500__rep007__7254fe4fc43a,all_off|robots=30|order_rate=500|rep=7,all_off,30,500,7,48,4,incomplete,,,2
all_off__r30__arr500__rep008__6dddad1c0381,all_off|robots=30|order_rate=500|rep=8,all_off,30,500,8,49,4,incomplete,,,2
all_off__r30__arr500__rep009__54be71a516aa,all_off|robots=30|order_rate=500|rep=9,all_off,30,500,9,50,4,incomplete,,,2
all_off__r30__arr500__rep010__84269963d039,all_off|robots=30|order_rate=500|rep=10,all_off,30,500,10,51,4,incomplete,,,2
all_off__r30__arr500__rep011__cf38041c6e4f,all_off|robots=30|order_rate=500|rep=11,all_off,30,500,11,52,4,incomplete,,,2
all_off__r30__arr500__rep012__2a0378963064,all_off|robots=30|order_rate=500|rep=12,all_off,30,500,12,53,4,incomplete,,,2
all_off__r30__arr500__rep013__efaeeded6bca,all_off|robots=30|order_rate=500|rep=13,all_off,30,500,13,54,4,incomplete,,,2
all_off__r30__arr500__rep014__04be1dc2c6e7,all_off|robots=30|order_rate=500|rep=14,all_off,30,500,14,55,4,incomplete,,,1
all_off__r30__arr500__rep015__2f0accd9c540,all_off|robots=30|order_rate=500|rep=15,all_off,30,500,15,56,4,incomplete,,,1
all_off__r30__arr500__rep016__51e6b36a6cd2,all_off|robots=30|order_rate=500|rep=16,all_off,30,500,16,57,4,incomplete,,,1
all_off__r30__arr500__rep017__be698048c250,all_off|robots=30|order_rate=500|rep=17,all_off,30,500,17,58,4,incomplete,,,1
all_off__r30__arr500__rep018__47633b52fdf1,all_off|robots=30|order_rate=500|rep=18,all_off,30,500,18,59,4,incomplete,,,1
all_off__r30__arr500__rep019__82c2a9ffaf3b,all_off|robots=30|order_rate=500|rep=19,all_off,30,500,19,60,4,incomplete,,,1
all_off__r30__arr500__rep020__f80dc3f86e29,all_off|robots=30|order_rate=500|rep=20,all_off,30,500,20,61,4,incomplete,,,1
all_off__r30__arr600__rep002__3097d8eb7df8,all_off|robots=30|order_rate=600|rep=2,all_off,30,600,2,43,4,incomplete,,,1
all_off__r30__arr600__rep003__7c6d0b772906,all_off|robots=30|order_rate=600|rep=3,all_off,30,600,3,44,4,incomplete,,,1
all_off__r30__arr600__rep004__06d2d2c6a2ed,all_off|robots=30|order_rate=600|rep=4,all_off,30,600,4,45,4,incomplete,,,1
all_off__r30__arr600__rep005__74481f0db6b6,all_off|robots=30|order_rate=600|rep=5,all_off,30,600,5,46,4,incomplete,,,1
all_off__r30__arr600__rep006__6f98a3ae4152,all_off|robots=30|order_rate=600|rep=6,all_off,30,600,6,47,4,incomplete,,,1
all_off__r30__arr600__rep007__274099dd0de0,all_off|robots=30|order_rate=600|rep=7,all_off,30,600,7,48,4,incomplete,,,1
all_off__r30__arr600__rep008__acdd7d8116d1,all_off|robots=30|order_rate=600|rep=8,all_off,30,600,8,49,4,incomplete,,,1
all_off__r30__arr600__rep009__e146f09c19ab,all_off|robots=30|order_rate=600|rep=9,all_off,30,600,9,50,4,incomplete,,,1
all_off__r30__arr600__rep010__978f38d307d2,all_off|robots=30|order_rate=600|rep=10,all_off,30,600,10,51,4,incomplete,,,1
all_off__r30__arr600__rep011__ca9c7d999309,all_off|robots=30|order_rate=600|rep=11,all_off,30,600,11,52,4,incomplete,,,1
all_off__r30__arr600__rep012__4dba3d2c69f2,all_off|robots=30|order_rate=600|rep=12,all_off,30,600,12,53,4,incomplete,,,1
all_off__r30__arr600__rep013__662bb3d2437f,all_off|robots=30|order_rate=600|rep=13,all_off,30,600,13,54,4,incomplete,,,1
all_off__r30__arr600__rep014__1ee6a23867fc,all_off|robots=30|order_rate=600|rep=14,all_off,30,600,14,55,4,incomplete,,,1
all_off__r30__arr600__rep015__3d346d3dbf6e,all_off|robots=30|order_rate=600|rep=15,all_off,30,600,15,56,4,incomplete,,,1
all_off__r30__arr600__rep016__4a49d052a959,all_off|robots=30|order_rate=600|rep=16,all_off,30,600,16,57,4,incomplete,,,1
all_off__r30__arr600__rep017__9fa48075c6db,all_off|robots=30|order_rate=600|rep=17,all_off,30,600,17,58,4,incomplete,,,1
all_off__r30__arr600__rep018__03540b9f32e4,all_off|robots=30|order_rate=600|rep=18,all_off,30,600,18,59,4,incomplete,,,1
all_off__r30__arr600__rep019__dae3812f3371,all_off|robots=30|order_rate=600|rep=19,all_off,30,600,19,60,4,incomplete,,,1
all_off__r30__arr600__rep020__8667560bd3c7,all_off|robots=30|order_rate=600|rep=20,all_off,30,600,20,61,4,incomplete,,,1
all_on_rl__r10__arr400__rep002__00169174a010,all_on_rl|robots=10|order_rate=400|rep=2,all_on_rl,10,400,2,43,4,incomplete,,,1
all_on_rl__r10__arr400__rep003__c2fe1f12b690,all_on_rl|robots=10|order_rate=400|rep=3,all_on_rl,10,400,3,44,4,incomplete,,,1
all_on_rl__r10__arr400__rep004__26ababaaf507,all_on_rl|robots=10|order_rate=400|rep=4,all_on_rl,10,400,4,45,4,incomplete,,,1
all_on_rl__r10__arr400__rep005__61114ce3d619,all_on_rl|robots=10|order_rate=400|rep=5,all_on_rl,10,400,5,46,4,incomplete,,,1
all_on_rl__r10__arr400__rep006__f0a3b2b2018f,all_on_rl|robots=10|order_rate=400|rep=6,all_on_rl,10,400,6,47,4,incomplete,,,1
all_on_rl__r10__arr400__rep007__afdfa5fcaf44,all_on_rl|robots=10|order_rate=400|rep=7,all_on_rl,10,400,7,48,4,incomplete,,,1
all_on_rl__r10__arr400__rep008__44554d2efea3,all_on_rl|robots=10|order_rate=400|rep=8,all_on_rl,10,400,8,49,4,incomplete,,,1
all_on_rl__r10__arr400__rep009__ab4675dab8a9,all_on_rl|robots=10|order_rate=400|rep=9,all_on_rl,10,400,9,50,4,incomplete,,,1
all_on_rl__r10__arr400__rep010__dcd0719c8ab7,all_on_rl|robots=10|order_rate=400|rep=10,all_on_rl,10,400,10,51,4,incomplete,,,1
all_on_rl__r10__arr400__rep011__2ffd9d8d1940,all_on_rl|robots=10|order_rate=400|rep=11,all_on_rl,10,400,11,52,4,incomplete,,,1
all_on_rl__r10__arr400__rep012__4a62222615cf,all_on_rl|robots=10|order_rate=400|rep=12,all_on_rl,10,400,12,53,4,incomplete,,,1
all_on_rl__r10__arr400__rep013__073b60b35584,all_on_rl|robots=10|order_rate=400|rep=13,all_on_rl,10,400,13,54,4,incomplete,,,1
all_on_rl__r10__arr400__rep014__9c6808b1b6f1,all_on_rl|robots=10|order_rate=400|rep=14,all_on_rl,10,400,14,55,4,incomplete,,,1
all_on_rl__r10__arr400__rep015__733fa3954f38,all_on_rl|robots=10|order_rate=400|rep=15,all_on_rl,10,400,15,56,4,incomplete,,,1
all_on_rl__r10__arr400__rep016__178ad233c558,all_on_rl|robots=10|order_rate=400|rep=16,all_on_rl,10,400,16,57,4,incomplete,,,1
all_on_rl__r10__arr400__rep017__6f845dedb7cb,all_on_rl|robots=10|order_rate=400|rep=17,all_on_rl,10,400,17,58,4,incomplete,,,1
all_on_rl__r10__arr400__rep018__f32dacaf9a11,all_on_rl|robots=10|order_rate=400|rep=18,all_on_rl,10,400,18,59,4,incomplete,,,1
all_on_rl__r10__arr400__rep019__0d465fdb788e,all_on_rl|robots=10|order_rate=400|rep=19,all_on_rl,10,400,19,60,4,incomplete,,,1
all_on_rl__r10__arr400__rep020__7aecfb991715,all_on_rl|robots=10|order_rate=400|rep=20,all_on_rl,10,400,20,61,4,incomplete,,,1
all_on_rl__r10__arr500__rep002__fe385e519437,all_on_rl|robots=10|order_rate=500|rep=2,all_on_rl,10,500,2,43,4,incomplete,,,1
all_on_rl__r10__arr500__rep003__c01e3b144b81,all_on_rl|robots=10|order_rate=500|rep=3,all_on_rl,10,500,3,44,4,incomplete,,,1
all_on_rl__r10__arr500__rep004__62e37c605d77,all_on_rl|robots=10|order_rate=500|rep=4,all_on_rl,10,500,4,45,4,incomplete,,,1
all_on_rl__r10__arr500__rep005__64a39246f4d3,all_on_rl|robots=10|order_rate=500|rep=5,all_on_rl,10,500,5,46,4,incomplete,,,1
all_on_rl__r10__arr500__rep006__c40cb85ab3bf,all_on_rl|robots=10|order_rate=500|rep=6,all_on_rl,10,500,6,47,4,incomplete,,,1
all_on_rl__r10__arr500__rep007__afbcd429418e,all_on_rl|robots=10|order_rate=500|rep=7,all_on_rl,10,500,7,48,4,incomplete,,,1
all_on_rl__r10__arr500__rep008__978dd37f4ef3,all_on_rl|robots=10|order_rate=500|rep=8,all_on_rl,10,500,8,49,4,incomplete,,,1
all_on_rl__r10__arr500__rep009__6b264655a16f,all_on_rl|robots=10|order_rate=500|rep=9,all_on_rl,10,500,9,50,4,incomplete,,,1
all_on_rl__r10__arr500__rep010__f1f0a8a07e2b,all_on_rl|robots=10|order_rate=500|rep=10,all_on_rl,10,500,10,51,4,incomplete,,,1
all_on_rl__r10__arr500__rep011__099afed71ee8,all_on_rl|robots=10|order_rate=500|rep=11,all_on_rl,10,500,11,52,4,incomplete,,,1
all_on_rl__r10__arr500__rep012__bf0e5a46782e,all_on_rl|robots=10|order_rate=500|rep=12,all_on_rl,10,500,12,53,4,incomplete,,,1
all_on_rl__r10__arr500__rep013__a3f8bff84b1a,all_on_rl|robots=10|order_rate=500|rep=13,all_on_rl,10,500,13,54,4,incomplete,,,1
all_on_rl__r10__arr500__rep014__e4f6ec69fec2,all_on_rl|robots=10|order_rate=500|rep=14,all_on_rl,10,500,14,55,4,incomplete,,,1
all_on_rl__r10__arr500__rep015__155d1b24b6d2,all_on_rl|robots=10|order_rate=500|rep=15,all_on_rl,10,500,15,56,4,incomplete,,,1
all_on_rl__r10__arr500__rep016__6b22e9d64376,all_on_rl|robots=10|order_rate=500|rep=16,all_on_rl,10,500,16,57,4,incomplete,,,1
all_on_rl__r10__arr500__rep017__4744d8f7c617,all_on_rl|robots=10|order_rate=500|rep=17,all_on_rl,10,500,17,58,4,incomplete,,,1
all_on_rl__r10__arr500__rep018__94e785e59848,all_on_rl|robots=10|order_rate=500|rep=18,all_on_rl,10,500,18,59,4,incomplete,,,1
all_on_rl__r10__arr500__rep019__eb6fed63dc63,all_on_rl|robots=10|order_rate=500|rep=19,all_on_rl,10,500,19,60,4,incomplete,,,1
all_on_rl__r10__arr500__rep020__7e80b5112097,all_on_rl|robots=10|order_rate=500|rep=20,all_on_rl,10,500,20,61,4,incomplete,,,1
all_on_rl__r10__arr600__rep002__8bd7885c3f42,all_on_rl|robots=10|order_rate=600|rep=2,all_on_rl,10,600,2,43,4,incomplete,,,1
all_on_rl__r10__arr600__rep003__3837e35a3801,all_on_rl|robots=10|order_rate=600|rep=3,all_on_rl,10,600,3,44,4,incomplete,,,1
all_on_rl__r10__arr600__rep004__8a86fb37069c,all_on_rl|robots=10|order_rate=600|rep=4,all_on_rl,10,600,4,45,4,incomplete,,,1
all_on_rl__r10__arr600__rep005__09a910d4027b,all_on_rl|robots=10|order_rate=600|rep=5,all_on_rl,10,600,5,46,4,incomplete,,,1
all_on_rl__r10__arr600__rep006__46d2d43dce59,all_on_rl|robots=10|order_rate=600|rep=6,all_on_rl,10,600,6,47,4,incomplete,,,2
all_on_rl__r10__arr600__rep007__e1243a0cf01a,all_on_rl|robots=10|order_rate=600|rep=7,all_on_rl,10,600,7,48,4,incomplete,,,2
all_on_rl__r10__arr600__rep008__903305e3b540,all_on_rl|robots=10|order_rate=600|rep=8,all_on_rl,10,600,8,49,4,incomplete,,,2
all_on_rl__r10__arr600__rep009__e3500918af01,all_on_rl|robots=10|order_rate=600|rep=9,all_on_rl,10,600,9,50,4,incomplete,,,2
all_on_rl__r10__arr600__rep010__926e2358956a,all_on_rl|robots=10|order_rate=600|rep=10,all_on_rl,10,600,10,51,4,incomplete,,,2
all_on_rl__r10__arr600__rep011__b7e69dddb534,all_on_rl|robots=10|order_rate=600|rep=11,all_on_rl,10,600,11,52,4,incomplete,,,2
all_on_rl__r10__arr600__rep012__edc713d10f17,all_on_rl|robots=10|order_rate=600|rep=12,all_on_rl,10,600,12,53,4,incomplete,,,2
all_on_rl__r10__arr600__rep013__39146e7bed8e,all_on_rl|robots=10|order_rate=600|rep=13,all_on_rl,10,600,13,54,4,incomplete,,,2
all_on_rl__r10__arr600__rep014__1576caa67689,all_on_rl|robots=10|order_rate=600|rep=14,all_on_rl,10,600,14,55,4,incomplete,,,1
all_on_rl__r10__arr600__rep015__1ace94e6a5f9,all_on_rl|robots=10|order_rate=600|rep=15,all_on_rl,10,600,15,56,4,incomplete,,,1
all_on_rl__r10__arr600__rep016__00ebbf4c7479,all_on_rl|robots=10|order_rate=600|rep=16,all_on_rl,10,600,16,57,4,incomplete,,,1
all_on_rl__r10__arr600__rep017__de3796c72d99,all_on_rl|robots=10|order_rate=600|rep=17,all_on_rl,10,600,17,58,4,incomplete,,,1
all_on_rl__r10__arr600__rep018__7ea02e83275d,all_on_rl|robots=10|order_rate=600|rep=18,all_on_rl,10,600,18,59,4,incomplete,,,1
all_on_rl__r10__arr600__rep019__6e015b8253c8,all_on_rl|robots=10|order_rate=600|rep=19,all_on_rl,10,600,19,60,4,incomplete,,,1
all_on_rl__r10__arr600__rep020__a25fb0c93f14,all_on_rl|robots=10|order_rate=600|rep=20,all_on_rl,10,600,20,61,4,incomplete,,,1
all_on_rl__r15__arr400__rep002__1e625e7ddb96,all_on_rl|robots=15|order_rate=400|rep=2,all_on_rl,15,400,2,43,4,incomplete,,,1
all_on_rl__r15__arr400__rep003__40216c2b5e56,all_on_rl|robots=15|order_rate=400|rep=3,all_on_rl,15,400,3,44,4,incomplete,,,1
all_on_rl__r15__arr400__rep004__2299852a14d9,all_on_rl|robots=15|order_rate=400|rep=4,all_on_rl,15,400,4,45,4,incomplete,,,1
all_on_rl__r15__arr400__rep005__81160d8a47e5,all_on_rl|robots=15|order_rate=400|rep=5,all_on_rl,15,400,5,46,4,incomplete,,,1
all_on_rl__r15__arr400__rep006__0673b1117110,all_on_rl|robots=15|order_rate=400|rep=6,all_on_rl,15,400,6,47,4,incomplete,,,2
all_on_rl__r15__arr400__rep007__1c4f74a99078,all_on_rl|robots=15|order_rate=400|rep=7,all_on_rl,15,400,7,48,4,incomplete,,,2
all_on_rl__r15__arr400__rep008__5e44dca335cc,all_on_rl|robots=15|order_rate=400|rep=8,all_on_rl,15,400,8,49,4,incomplete,,,2
all_on_rl__r15__arr400__rep009__816330356612,all_on_rl|robots=15|order_rate=400|rep=9,all_on_rl,15,400,9,50,4,incomplete,,,2
all_on_rl__r15__arr400__rep010__09a396254679,all_on_rl|robots=15|order_rate=400|rep=10,all_on_rl,15,400,10,51,4,incomplete,,,2
all_on_rl__r15__arr400__rep011__3a6cc900503d,all_on_rl|robots=15|order_rate=400|rep=11,all_on_rl,15,400,11,52,4,incomplete,,,2
all_on_rl__r15__arr400__rep012__2bf0083fcb4f,all_on_rl|robots=15|order_rate=400|rep=12,all_on_rl,15,400,12,53,4,incomplete,,,2
all_on_rl__r15__arr400__rep013__ad4c848bcf17,all_on_rl|robots=15|order_rate=400|rep=13,all_on_rl,15,400,13,54,4,incomplete,,,2
all_on_rl__r15__arr400__rep014__6bbe9a3e3e4a,all_on_rl|robots=15|order_rate=400|rep=14,all_on_rl,15,400,14,55,4,incomplete,,,1
all_on_rl__r15__arr400__rep015__2ef2d6b7eedb,all_on_rl|robots=15|order_rate=400|rep=15,all_on_rl,15,400,15,56,4,incomplete,,,1
all_on_rl__r15__arr400__rep016__3f94733c0573,all_on_rl|robots=15|order_rate=400|rep=16,all_on_rl,15,400,16,57,4,incomplete,,,1
all_on_rl__r15__arr400__rep017__c948d47a57af,all_on_rl|robots=15|order_rate=400|rep=17,all_on_rl,15,400,17,58,4,incomplete,,,1
all_on_rl__r15__arr400__rep018__16974e2f9e82,all_on_rl|robots=15|order_rate=400|rep=18,all_on_rl,15,400,18,59,4,incomplete,,,1
all_on_rl__r15__arr400__rep019__6c0c219ebbc9,all_on_rl|robots=15|order_rate=400|rep=19,all_on_rl,15,400,19,60,4,incomplete,,,1
all_on_rl__r15__arr400__rep020__d049cc17f7eb,all_on_rl|robots=15|order_rate=400|rep=20,all_on_rl,15,400,20,61,4,incomplete,,,1
all_on_rl__r15__arr500__rep002__96fc194523ba,all_on_rl|robots=15|order_rate=500|rep=2,all_on_rl,15,500,2,43,4,incomplete,,,1
all_on_rl__r15__arr500__rep003__964515b69e35,all_on_rl|robots=15|order_rate=500|rep=3,all_on_rl,15,500,3,44,4,incomplete,,,1
all_on_rl__r15__arr500__rep004__4bf507df7e28,all_on_rl|robots=15|order_rate=500|rep=4,all_on_rl,15,500,4,45,4,incomplete,,,1
all_on_rl__r15__arr500__rep005__484066dc80b5,all_on_rl|robots=15|order_rate=500|rep=5,all_on_rl,15,500,5,46,4,incomplete,,,1
all_on_rl__r15__arr500__rep006__75083288b1a0,all_on_rl|robots=15|order_rate=500|rep=6,all_on_rl,15,500,6,47,4,incomplete,,,1
all_on_rl__r15__arr500__rep007__09b8c1940b7d,all_on_rl|robots=15|order_rate=500|rep=7,all_on_rl,15,500,7,48,4,incomplete,,,1
all_on_rl__r15__arr500__rep008__76b5b5c4f2f8,all_on_rl|robots=15|order_rate=500|rep=8,all_on_rl,15,500,8,49,4,incomplete,,,1
all_on_rl__r15__arr500__rep009__b0f12fc70dcc,all_on_rl|robots=15|order_rate=500|rep=9,all_on_rl,15,500,9,50,4,incomplete,,,1
all_on_rl__r15__arr500__rep010__5317bc8e3fbc,all_on_rl|robots=15|order_rate=500|rep=10,all_on_rl,15,500,10,51,4,incomplete,,,1
all_on_rl__r15__arr500__rep011__0159e742ca11,all_on_rl|robots=15|order_rate=500|rep=11,all_on_rl,15,500,11,52,4,incomplete,,,1
all_on_rl__r15__arr500__rep012__031d89300c17,all_on_rl|robots=15|order_rate=500|rep=12,all_on_rl,15,500,12,53,4,incomplete,,,1
all_on_rl__r15__arr500__rep013__26d430dc23a0,all_on_rl|robots=15|order_rate=500|rep=13,all_on_rl,15,500,13,54,4,incomplete,,,1
all_on_rl__r15__arr500__rep014__c803761c670c,all_on_rl|robots=15|order_rate=500|rep=14,all_on_rl,15,500,14,55,4,incomplete,,,1
all_on_rl__r15__arr500__rep015__3e3271b68324,all_on_rl|robots=15|order_rate=500|rep=15,all_on_rl,15,500,15,56,4,incomplete,,,1
all_on_rl__r15__arr500__rep016__5df242f78933,all_on_rl|robots=15|order_rate=500|rep=16,all_on_rl,15,500,16,57,4,incomplete,,,1
all_on_rl__r15__arr500__rep017__ec3e7b88a08b,all_on_rl|robots=15|order_rate=500|rep=17,all_on_rl,15,500,17,58,4,incomplete,,,1
all_on_rl__r15__arr500__rep018__64fa56852e14,all_on_rl|robots=15|order_rate=500|rep=18,all_on_rl,15,500,18,59,4,incomplete,,,1
all_on_rl__r15__arr500__rep019__c1f06d3ef98a,all_on_rl|robots=15|order_rate=500|rep=19,all_on_rl,15,500,19,60,4,incomplete,,,1
all_on_rl__r15__arr500__rep020__0580108bd67f,all_on_rl|robots=15|order_rate=500|rep=20,all_on_rl,15,500,20,61,4,incomplete,,,1
all_on_rl__r15__arr600__rep002__f6fc42ce5786,all_on_rl|robots=15|order_rate=600|rep=2,all_on_rl,15,600,2,43,4,incomplete,,,1
all_on_rl__r15__arr600__rep003__03e35f10876f,all_on_rl|robots=15|order_rate=600|rep=3,all_on_rl,15,600,3,44,4,incomplete,,,1
all_on_rl__r15__arr600__rep004__9e3bd146bf05,all_on_rl|robots=15|order_rate=600|rep=4,all_on_rl,15,600,4,45,4,incomplete,,,1
all_on_rl__r15__arr600__rep005__24c8f0a6d38a,all_on_rl|robots=15|order_rate=600|rep=5,all_on_rl,15,600,5,46,4,incomplete,,,1
all_on_rl__r15__arr600__rep006__06d757a0b8fd,all_on_rl|robots=15|order_rate=600|rep=6,all_on_rl,15,600,6,47,4,incomplete,,,1
all_on_rl__r15__arr600__rep007__c4378662bae9,all_on_rl|robots=15|order_rate=600|rep=7,all_on_rl,15,600,7,48,4,incomplete,,,1
all_on_rl__r15__arr600__rep008__7ae790e32ec8,all_on_rl|robots=15|order_rate=600|rep=8,all_on_rl,15,600,8,49,4,incomplete,,,1
all_on_rl__r15__arr600__rep009__d7a9e1036948,all_on_rl|robots=15|order_rate=600|rep=9,all_on_rl,15,600,9,50,4,incomplete,,,1
all_on_rl__r15__arr600__rep010__41d59a4a1079,all_on_rl|robots=15|order_rate=600|rep=10,all_on_rl,15,600,10,51,4,incomplete,,,1
all_on_rl__r15__arr600__rep011__5f13315f107a,all_on_rl|robots=15|order_rate=600|rep=11,all_on_rl,15,600,11,52,4,incomplete,,,1
all_on_rl__r15__arr600__rep012__3b80c112a3e6,all_on_rl|robots=15|order_rate=600|rep=12,all_on_rl,15,600,12,53,4,incomplete,,,1
all_on_rl__r15__arr600__rep013__6f727a03ecf8,all_on_rl|robots=15|order_rate=600|rep=13,all_on_rl,15,600,13,54,4,incomplete,,,1
all_on_rl__r15__arr600__rep014__7bbf1f2e94df,all_on_rl|robots=15|order_rate=600|rep=14,all_on_rl,15,600,14,55,4,incomplete,,,1
all_on_rl__r15__arr600__rep015__68f2dd487d94,all_on_rl|robots=15|order_rate=600|rep=15,all_on_rl,15,600,15,56,4,incomplete,,,1
all_on_rl__r15__arr600__rep016__5a180da00138,all_on_rl|robots=15|order_rate=600|rep=16,all_on_rl,15,600,16,57,4,incomplete,,,1
all_on_rl__r15__arr600__rep017__e3d087f265c5,all_on_rl|robots=15|order_rate=600|rep=17,all_on_rl,15,600,17,58,4,incomplete,,,1
all_on_rl__r15__arr600__rep018__af26e96b1f92,all_on_rl|robots=15|order_rate=600|rep=18,all_on_rl,15,600,18,59,4,incomplete,,,1
all_on_rl__r15__arr600__rep019__d5efee10c870,all_on_rl|robots=15|order_rate=600|rep=19,all_on_rl,15,600,19,60,4,incomplete,,,1
all_on_rl__r15__arr600__rep020__3639412b4a6f,all_on_rl|robots=15|order_rate=600|rep=20,all_on_rl,15,600,20,61,4,incomplete,,,1
all_on_rl__r20__arr400__rep002__0a270bc2cafe,all_on_rl|robots=20|order_rate=400|rep=2,all_on_rl,20,400,2,43,4,incomplete,,,1
all_on_rl__r20__arr400__rep003__1b4aa9437d2a,all_on_rl|robots=20|order_rate=400|rep=3,all_on_rl,20,400,3,44,4,incomplete,,,1
all_on_rl__r20__arr400__rep004__574962714a06,all_on_rl|robots=20|order_rate=400|rep=4,all_on_rl,20,400,4,45,4,incomplete,,,1
all_on_rl__r20__arr400__rep005__b7c02b48e5d1,all_on_rl|robots=20|order_rate=400|rep=5,all_on_rl,20,400,5,46,4,incomplete,,,1
all_on_rl__r20__arr400__rep006__1d8deffb73c9,all_on_rl|robots=20|order_rate=400|rep=6,all_on_rl,20,400,6,47,4,incomplete,,,1
all_on_rl__r20__arr400__rep007__92cc8b25e58f,all_on_rl|robots=20|order_rate=400|rep=7,all_on_rl,20,400,7,48,4,incomplete,,,1
all_on_rl__r20__arr400__rep008__fc30d573a069,all_on_rl|robots=20|order_rate=400|rep=8,all_on_rl,20,400,8,49,4,incomplete,,,1
all_on_rl__r20__arr400__rep009__5b64c5b7dbe3,all_on_rl|robots=20|order_rate=400|rep=9,all_on_rl,20,400,9,50,4,incomplete,,,1
all_on_rl__r20__arr400__rep010__4eb204ec1675,all_on_rl|robots=20|order_rate=400|rep=10,all_on_rl,20,400,10,51,4,incomplete,,,1
all_on_rl__r20__arr400__rep011__da6e5f2688b0,all_on_rl|robots=20|order_rate=400|rep=11,all_on_rl,20,400,11,52,4,incomplete,,,1
all_on_rl__r20__arr400__rep012__7fe623914567,all_on_rl|robots=20|order_rate=400|rep=12,all_on_rl,20,400,12,53,4,incomplete,,,1
all_on_rl__r20__arr400__rep013__c0df33863ff0,all_on_rl|robots=20|order_rate=400|rep=13,all_on_rl,20,400,13,54,4,incomplete,,,1
all_on_rl__r20__arr400__rep014__68a33df1dead,all_on_rl|robots=20|order_rate=400|rep=14,all_on_rl,20,400,14,55,4,incomplete,,,1
all_on_rl__r20__arr400__rep015__e212ec193463,all_on_rl|robots=20|order_rate=400|rep=15,all_on_rl,20,400,15,56,4,incomplete,,,1
all_on_rl__r20__arr400__rep016__f19d03e890b0,all_on_rl|robots=20|order_rate=400|rep=16,all_on_rl,20,400,16,57,4,incomplete,,,1
all_on_rl__r20__arr400__rep017__69ea7f2ea8c0,all_on_rl|robots=20|order_rate=400|rep=17,all_on_rl,20,400,17,58,4,incomplete,,,1
all_on_rl__r20__arr400__rep018__9ddff26b212e,all_on_rl|robots=20|order_rate=400|rep=18,all_on_rl,20,400,18,59,4,incomplete,,,1
all_on_rl__r20__arr400__rep019__5bc33311371b,all_on_rl|robots=20|order_rate=400|rep=19,all_on_rl,20,400,19,60,4,incomplete,,,1
all_on_rl__r20__arr400__rep020__7fd749021dd7,all_on_rl|robots=20|order_rate=400|rep=20,all_on_rl,20,400,20,61,4,incomplete,,,1
all_on_rl__r20__arr600__rep002__ba36858b4426,all_on_rl|robots=20|order_rate=600|rep=2,all_on_rl,20,600,2,43,4,incomplete,,,1
all_on_rl__r20__arr600__rep003__d7d541c7503e,all_on_rl|robots=20|order_rate=600|rep=3,all_on_rl,20,600,3,44,4,incomplete,,,1
all_on_rl__r20__arr600__rep004__7a686fbbffd3,all_on_rl|robots=20|order_rate=600|rep=4,all_on_rl,20,600,4,45,4,incomplete,,,1
all_on_rl__r20__arr600__rep005__54eb1af2a334,all_on_rl|robots=20|order_rate=600|rep=5,all_on_rl,20,600,5,46,4,incomplete,,,1
all_on_rl__r20__arr600__rep006__88afa7411547,all_on_rl|robots=20|order_rate=600|rep=6,all_on_rl,20,600,6,47,4,incomplete,,,1
all_on_rl__r20__arr600__rep007__87a136cf323a,all_on_rl|robots=20|order_rate=600|rep=7,all_on_rl,20,600,7,48,4,incomplete,,,1
all_on_rl__r20__arr600__rep008__1fd5bff984f5,all_on_rl|robots=20|order_rate=600|rep=8,all_on_rl,20,600,8,49,4,incomplete,,,1
all_on_rl__r20__arr600__rep009__30ec83f04716,all_on_rl|robots=20|order_rate=600|rep=9,all_on_rl,20,600,9,50,4,incomplete,,,1
all_on_rl__r20__arr600__rep010__8bff84431403,all_on_rl|robots=20|order_rate=600|rep=10,all_on_rl,20,600,10,51,4,incomplete,,,1
all_on_rl__r20__arr600__rep011__5d35b92da338,all_on_rl|robots=20|order_rate=600|rep=11,all_on_rl,20,600,11,52,4,incomplete,,,1
all_on_rl__r20__arr600__rep012__f50f763ebf0f,all_on_rl|robots=20|order_rate=600|rep=12,all_on_rl,20,600,12,53,4,incomplete,,,1
all_on_rl__r20__arr600__rep013__ff916a13e951,all_on_rl|robots=20|order_rate=600|rep=13,all_on_rl,20,600,13,54,4,incomplete,,,1
all_on_rl__r20__arr600__rep014__8a3470b6ea74,all_on_rl|robots=20|order_rate=600|rep=14,all_on_rl,20,600,14,55,4,incomplete,,,1
all_on_rl__r20__arr600__rep015__4630800bacde,all_on_rl|robots=20|order_rate=600|rep=15,all_on_rl,20,600,15,56,4,incomplete,,,1
all_on_rl__r20__arr600__rep016__dcc277abf281,all_on_rl|robots=20|order_rate=600|rep=16,all_on_rl,20,600,16,57,4,incomplete,,,1
all_on_rl__r20__arr600__rep017__c9b746e63a1d,all_on_rl|robots=20|order_rate=600|rep=17,all_on_rl,20,600,17,58,4,incomplete,,,1
all_on_rl__r20__arr600__rep018__d56258e7994f,all_on_rl|robots=20|order_rate=600|rep=18,all_on_rl,20,600,18,59,4,incomplete,,,1
all_on_rl__r20__arr600__rep019__6977b545d136,all_on_rl|robots=20|order_rate=600|rep=19,all_on_rl,20,600,19,60,4,incomplete,,,1
all_on_rl__r20__arr600__rep020__752f3e6e1d51,all_on_rl|robots=20|order_rate=600|rep=20,all_on_rl,20,600,20,61,4,incomplete,,,1
all_on_rl__r25__arr400__rep002__2a775eb84590,all_on_rl|robots=25|order_rate=400|rep=2,all_on_rl,25,400,2,43,4,incomplete,,,1
all_on_rl__r25__arr400__rep003__e1ad38fa9df2,all_on_rl|robots=25|order_rate=400|rep=3,all_on_rl,25,400,3,44,4,incomplete,,,1
all_on_rl__r25__arr400__rep004__cef32e10e98f,all_on_rl|robots=25|order_rate=400|rep=4,all_on_rl,25,400,4,45,4,incomplete,,,1
all_on_rl__r25__arr400__rep005__03030d411230,all_on_rl|robots=25|order_rate=400|rep=5,all_on_rl,25,400,5,46,4,incomplete,,,1
all_on_rl__r25__arr400__rep006__1789ae2d8abf,all_on_rl|robots=25|order_rate=400|rep=6,all_on_rl,25,400,6,47,4,incomplete,,,1
all_on_rl__r25__arr400__rep007__124a54997348,all_on_rl|robots=25|order_rate=400|rep=7,all_on_rl,25,400,7,48,4,incomplete,,,1
all_on_rl__r25__arr400__rep008__d3b706401c07,all_on_rl|robots=25|order_rate=400|rep=8,all_on_rl,25,400,8,49,4,incomplete,,,1
all_on_rl__r25__arr400__rep009__9095dd1b33c2,all_on_rl|robots=25|order_rate=400|rep=9,all_on_rl,25,400,9,50,4,incomplete,,,1
all_on_rl__r25__arr400__rep010__229a4e430ea2,all_on_rl|robots=25|order_rate=400|rep=10,all_on_rl,25,400,10,51,4,incomplete,,,1
all_on_rl__r25__arr400__rep011__b7b9fe69afe6,all_on_rl|robots=25|order_rate=400|rep=11,all_on_rl,25,400,11,52,4,incomplete,,,1
all_on_rl__r25__arr400__rep012__de56f9880715,all_on_rl|robots=25|order_rate=400|rep=12,all_on_rl,25,400,12,53,4,incomplete,,,1
all_on_rl__r25__arr400__rep013__d14e681d59b1,all_on_rl|robots=25|order_rate=400|rep=13,all_on_rl,25,400,13,54,4,incomplete,,,1
all_on_rl__r25__arr400__rep014__76a344f77775,all_on_rl|robots=25|order_rate=400|rep=14,all_on_rl,25,400,14,55,4,incomplete,,,1
all_on_rl__r25__arr400__rep015__8e11c0c0ed97,all_on_rl|robots=25|order_rate=400|rep=15,all_on_rl,25,400,15,56,4,incomplete,,,1
all_on_rl__r25__arr400__rep016__51a9cb0381be,all_on_rl|robots=25|order_rate=400|rep=16,all_on_rl,25,400,16,57,4,incomplete,,,1
all_on_rl__r25__arr400__rep017__55054facd9e1,all_on_rl|robots=25|order_rate=400|rep=17,all_on_rl,25,400,17,58,4,incomplete,,,1
all_on_rl__r25__arr400__rep018__b1c091b85d07,all_on_rl|robots=25|order_rate=400|rep=18,all_on_rl,25,400,18,59,4,incomplete,,,1
all_on_rl__r25__arr400__rep019__8020b4a55e30,all_on_rl|robots=25|order_rate=400|rep=19,all_on_rl,25,400,19,60,4,incomplete,,,1
all_on_rl__r25__arr400__rep020__af8d102256e0,all_on_rl|robots=25|order_rate=400|rep=20,all_on_rl,25,400,20,61,4,incomplete,,,1
all_on_rl__r25__arr500__rep002__c24ad79961ec,all_on_rl|robots=25|order_rate=500|rep=2,all_on_rl,25,500,2,43,4,incomplete,,,1
all_on_rl__r25__arr500__rep003__f49b731be321,all_on_rl|robots=25|order_rate=500|rep=3,all_on_rl,25,500,3,44,4,incomplete,,,1
all_on_rl__r25__arr500__rep004__f2836dc64aa0,all_on_rl|robots=25|order_rate=500|rep=4,all_on_rl,25,500,4,45,4,incomplete,,,1
all_on_rl__r25__arr500__rep005__423602ad889e,all_on_rl|robots=25|order_rate=500|rep=5,all_on_rl,25,500,5,46,4,incomplete,,,1
all_on_rl__r25__arr500__rep006__66b0818b5f43,all_on_rl|robots=25|order_rate=500|rep=6,all_on_rl,25,500,6,47,4,incomplete,,,1
all_on_rl__r25__arr500__rep007__48f3cbd87cee,all_on_rl|robots=25|order_rate=500|rep=7,all_on_rl,25,500,7,48,4,incomplete,,,1
all_on_rl__r25__arr500__rep008__472f3c85b65d,all_on_rl|robots=25|order_rate=500|rep=8,all_on_rl,25,500,8,49,4,incomplete,,,1
all_on_rl__r25__arr500__rep009__7d57f9e538d3,all_on_rl|robots=25|order_rate=500|rep=9,all_on_rl,25,500,9,50,4,incomplete,,,1
all_on_rl__r25__arr500__rep010__92a09ddb83d3,all_on_rl|robots=25|order_rate=500|rep=10,all_on_rl,25,500,10,51,4,incomplete,,,1
all_on_rl__r25__arr500__rep011__3467b700cb5d,all_on_rl|robots=25|order_rate=500|rep=11,all_on_rl,25,500,11,52,4,incomplete,,,1
all_on_rl__r25__arr500__rep012__1af3dc14f112,all_on_rl|robots=25|order_rate=500|rep=12,all_on_rl,25,500,12,53,4,incomplete,,,1
all_on_rl__r25__arr500__rep013__f21a57929dc5,all_on_rl|robots=25|order_rate=500|rep=13,all_on_rl,25,500,13,54,4,incomplete,,,1
all_on_rl__r25__arr500__rep014__8daa4c7a05be,all_on_rl|robots=25|order_rate=500|rep=14,all_on_rl,25,500,14,55,4,incomplete,,,1
all_on_rl__r25__arr500__rep015__ad85131ff862,all_on_rl|robots=25|order_rate=500|rep=15,all_on_rl,25,500,15,56,4,incomplete,,,1
all_on_rl__r25__arr500__rep016__f37d48163fd2,all_on_rl|robots=25|order_rate=500|rep=16,all_on_rl,25,500,16,57,4,incomplete,,,1
all_on_rl__r25__arr500__rep017__7cb880d3f0d9,all_on_rl|robots=25|order_rate=500|rep=17,all_on_rl,25,500,17,58,4,incomplete,,,1
all_on_rl__r25__arr500__rep018__f822926a8fbb,all_on_rl|robots=25|order_rate=500|rep=18,all_on_rl,25,500,18,59,4,incomplete,,,2
all_on_rl__r25__arr500__rep019__dd3d86ddf86f,all_on_rl|robots=25|order_rate=500|rep=19,all_on_rl,25,500,19,60,4,incomplete,,,2
all_on_rl__r25__arr500__rep020__af75d83a3329,all_on_rl|robots=25|order_rate=500|rep=20,all_on_rl,25,500,20,61,4,incomplete,,,2
all_on_rl__r25__arr600__rep002__a516e8de1c7d,all_on_rl|robots=25|order_rate=600|rep=2,all_on_rl,25,600,2,43,4,incomplete,,,1
all_on_rl__r25__arr600__rep003__c7c03d1d4576,all_on_rl|robots=25|order_rate=600|rep=3,all_on_rl,25,600,3,44,4,incomplete,,,1
all_on_rl__r25__arr600__rep004__1ed5c68b00a4,all_on_rl|robots=25|order_rate=600|rep=4,all_on_rl,25,600,4,45,4,incomplete,,,2
all_on_rl__r25__arr600__rep005__745e8cae11de,all_on_rl|robots=25|order_rate=600|rep=5,all_on_rl,25,600,5,46,4,incomplete,,,1
all_on_rl__r25__arr600__rep006__6a11eed0c82c,all_on_rl|robots=25|order_rate=600|rep=6,all_on_rl,25,600,6,47,4,incomplete,,,1
all_on_rl__r25__arr600__rep007__af4ffa2afc01,all_on_rl|robots=25|order_rate=600|rep=7,all_on_rl,25,600,7,48,4,incomplete,,,1
all_on_rl__r25__arr600__rep008__3153b6792459,all_on_rl|robots=25|order_rate=600|rep=8,all_on_rl,25,600,8,49,4,incomplete,,,1
all_on_rl__r25__arr600__rep009__9249b4d9d1ba,all_on_rl|robots=25|order_rate=600|rep=9,all_on_rl,25,600,9,50,4,incomplete,,,2
all_on_rl__r25__arr600__rep010__290e5191123d,all_on_rl|robots=25|order_rate=600|rep=10,all_on_rl,25,600,10,51,4,incomplete,,,1
all_on_rl__r25__arr600__rep011__dcf34c8703be,all_on_rl|robots=25|order_rate=600|rep=11,all_on_rl,25,600,11,52,4,incomplete,,,1
all_on_rl__r25__arr600__rep012__8d1d6a269e05,all_on_rl|robots=25|order_rate=600|rep=12,all_on_rl,25,600,12,53,4,incomplete,,,1
all_on_rl__r25__arr600__rep013__9d3fe3515fd0,all_on_rl|robots=25|order_rate=600|rep=13,all_on_rl,25,600,13,54,4,incomplete,,,1
all_on_rl__r25__arr600__rep014__267780c4e3d9,all_on_rl|robots=25|order_rate=600|rep=14,all_on_rl,25,600,14,55,4,incomplete,,,2
all_on_rl__r25__arr600__rep015__0be9a1c51039,all_on_rl|robots=25|order_rate=600|rep=15,all_on_rl,25,600,15,56,4,incomplete,,,1
all_on_rl__r25__arr600__rep016__c984dfc9cdc4,all_on_rl|robots=25|order_rate=600|rep=16,all_on_rl,25,600,16,57,4,incomplete,,,1
all_on_rl__r25__arr600__rep017__a140890be511,all_on_rl|robots=25|order_rate=600|rep=17,all_on_rl,25,600,17,58,4,incomplete,,,1
all_on_rl__r25__arr600__rep018__9139ad44d974,all_on_rl|robots=25|order_rate=600|rep=18,all_on_rl,25,600,18,59,4,incomplete,,,1
all_on_rl__r25__arr600__rep019__b90438ad5a29,all_on_rl|robots=25|order_rate=600|rep=19,all_on_rl,25,600,19,60,4,incomplete,,,2
all_on_rl__r25__arr600__rep020__a3436894b9af,all_on_rl|robots=25|order_rate=600|rep=20,all_on_rl,25,600,20,61,4,incomplete,,,1
all_on_rl__r30__arr400__rep002__9196ec92b0ed,all_on_rl|robots=30|order_rate=400|rep=2,all_on_rl,30,400,2,43,4,incomplete,,,2
all_on_rl__r30__arr400__rep003__88c379d97927,all_on_rl|robots=30|order_rate=400|rep=3,all_on_rl,30,400,3,44,4,incomplete,,,2
all_on_rl__r30__arr400__rep004__19a099a91423,all_on_rl|robots=30|order_rate=400|rep=4,all_on_rl,30,400,4,45,4,incomplete,,,2
all_on_rl__r30__arr400__rep005__b158a919f095,all_on_rl|robots=30|order_rate=400|rep=5,all_on_rl,30,400,5,46,4,incomplete,,,2
all_on_rl__r30__arr400__rep006__5e9e27c69b36,all_on_rl|robots=30|order_rate=400|rep=6,all_on_rl,30,400,6,47,4,incomplete,,,2
all_on_rl__r30__arr400__rep007__0fe8a7b95271,all_on_rl|robots=30|order_rate=400|rep=7,all_on_rl,30,400,7,48,4,incomplete,,,1
all_on_rl__r30__arr400__rep008__c1a470c204a7,all_on_rl|robots=30|order_rate=400|rep=8,all_on_rl,30,400,8,49,4,incomplete,,,1
all_on_rl__r30__arr400__rep009__18c62bada407,all_on_rl|robots=30|order_rate=400|rep=9,all_on_rl,30,400,9,50,4,incomplete,,,1
all_on_rl__r30__arr400__rep010__1d9b7134898a,all_on_rl|robots=30|order_rate=400|rep=10,all_on_rl,30,400,10,51,4,incomplete,,,1
all_on_rl__r30__arr400__rep011__de4c645f84a9,all_on_rl|robots=30|order_rate=400|rep=11,all_on_rl,30,400,11,52,4,incomplete,,,1
all_on_rl__r30__arr400__rep012__785009597d36,all_on_rl|robots=30|order_rate=400|rep=12,all_on_rl,30,400,12,53,4,incomplete,,,1
all_on_rl__r30__arr400__rep013__294981575606,all_on_rl|robots=30|order_rate=400|rep=13,all_on_rl,30,400,13,54,4,incomplete,,,1
all_on_rl__r30__arr400__rep014__4be76c33f33c,all_on_rl|robots=30|order_rate=400|rep=14,all_on_rl,30,400,14,55,4,incomplete,,,1
all_on_rl__r30__arr400__rep015__da546e9bc24a,all_on_rl|robots=30|order_rate=400|rep=15,all_on_rl,30,400,15,56,4,incomplete,,,1
all_on_rl__r30__arr400__rep016__d651baba5a7d,all_on_rl|robots=30|order_rate=400|rep=16,all_on_rl,30,400,16,57,4,incomplete,,,1
all_on_rl__r30__arr400__rep017__44bb74c43c51,all_on_rl|robots=30|order_rate=400|rep=17,all_on_rl,30,400,17,58,4,incomplete,,,1
all_on_rl__r30__arr400__rep018__43b2d25b8243,all_on_rl|robots=30|order_rate=400|rep=18,all_on_rl,30,400,18,59,4,incomplete,,,1
all_on_rl__r30__arr400__rep019__bc7b5541f106,all_on_rl|robots=30|order_rate=400|rep=19,all_on_rl,30,400,19,60,4,incomplete,,,1
all_on_rl__r30__arr400__rep020__c621cad02875,all_on_rl|robots=30|order_rate=400|rep=20,all_on_rl,30,400,20,61,4,incomplete,,,1
all_on_rl__r30__arr500__rep002__242e445d618c,all_on_rl|robots=30|order_rate=500|rep=2,all_on_rl,30,500,2,43,4,incomplete,,,1
all_on_rl__r30__arr500__rep003__34dcd118aea6,all_on_rl|robots=30|order_rate=500|rep=3,all_on_rl,30,500,3,44,4,incomplete,,,1
all_on_rl__r30__arr500__rep004__fb053db2c997,all_on_rl|robots=30|order_rate=500|rep=4,all_on_rl,30,500,4,45,4,incomplete,,,1
all_on_rl__r30__arr500__rep005__97f79841b226,all_on_rl|robots=30|order_rate=500|rep=5,all_on_rl,30,500,5,46,4,incomplete,,,2
all_on_rl__r30__arr500__rep006__11fac8b57607,all_on_rl|robots=30|order_rate=500|rep=6,all_on_rl,30,500,6,47,4,incomplete,,,1
all_on_rl__r30__arr500__rep007__9c5360731845,all_on_rl|robots=30|order_rate=500|rep=7,all_on_rl,30,500,7,48,4,incomplete,,,1
all_on_rl__r30__arr500__rep008__6dd61f49cdc9,all_on_rl|robots=30|order_rate=500|rep=8,all_on_rl,30,500,8,49,4,incomplete,,,1
all_on_rl__r30__arr500__rep009__067dfdd9aae9,all_on_rl|robots=30|order_rate=500|rep=9,all_on_rl,30,500,9,50,4,incomplete,,,1
all_on_rl__r30__arr500__rep010__ac6d92543b51,all_on_rl|robots=30|order_rate=500|rep=10,all_on_rl,30,500,10,51,4,incomplete,,,1
all_on_rl__r30__arr500__rep011__e91d7fdbe823,all_on_rl|robots=30|order_rate=500|rep=11,all_on_rl,30,500,11,52,4,incomplete,,,1
all_on_rl__r30__arr500__rep012__3c5b555297a6,all_on_rl|robots=30|order_rate=500|rep=12,all_on_rl,30,500,12,53,4,incomplete,,,1
all_on_rl__r30__arr500__rep013__329a2212fe6b,all_on_rl|robots=30|order_rate=500|rep=13,all_on_rl,30,500,13,54,4,incomplete,,,1
all_on_rl__r30__arr500__rep014__dcf5dde58b07,all_on_rl|robots=30|order_rate=500|rep=14,all_on_rl,30,500,14,55,4,incomplete,,,1
all_on_rl__r30__arr500__rep015__6c0395e1d3d8,all_on_rl|robots=30|order_rate=500|rep=15,all_on_rl,30,500,15,56,4,incomplete,,,1
all_on_rl__r30__arr500__rep016__a16065b76b81,all_on_rl|robots=30|order_rate=500|rep=16,all_on_rl,30,500,16,57,4,incomplete,,,1
all_on_rl__r30__arr500__rep017__4e8387bc3212,all_on_rl|robots=30|order_rate=500|rep=17,all_on_rl,30,500,17,58,4,incomplete,,,1
all_on_rl__r30__arr500__rep018__0bed0690cc0a,all_on_rl|robots=30|order_rate=500|rep=18,all_on_rl,30,500,18,59,4,incomplete,,,1
all_on_rl__r30__arr500__rep019__4e03aeb357d4,all_on_rl|robots=30|order_rate=500|rep=19,all_on_rl,30,500,19,60,4,incomplete,,,1
all_on_rl__r30__arr500__rep020__95306223d067,all_on_rl|robots=30|order_rate=500|rep=20,all_on_rl,30,500,20,61,4,incomplete,,,1
all_on_rl__r30__arr600__rep002__c5b1b9eba83b,all_on_rl|robots=30|order_rate=600|rep=2,all_on_rl,30,600,2,43,4,incomplete,,,1
all_on_rl__r30__arr600__rep003__99cbadf01ab3,all_on_rl|robots=30|order_rate=600|rep=3,all_on_rl,30,600,3,44,4,incomplete,,,1
all_on_rl__r30__arr600__rep004__b54d6d6cdd5a,all_on_rl|robots=30|order_rate=600|rep=4,all_on_rl,30,600,4,45,4,incomplete,,,1
all_on_rl__r30__arr600__rep005__dd0149913d08,all_on_rl|robots=30|order_rate=600|rep=5,all_on_rl,30,600,5,46,4,incomplete,,,2
all_on_rl__r30__arr600__rep006__2ef205f370cb,all_on_rl|robots=30|order_rate=600|rep=6,all_on_rl,30,600,6,47,4,incomplete,,,1
all_on_rl__r30__arr600__rep007__d83cd4ad299c,all_on_rl|robots=30|order_rate=600|rep=7,all_on_rl,30,600,7,48,4,incomplete,,,1
all_on_rl__r30__arr600__rep008__cb3e6d64d82f,all_on_rl|robots=30|order_rate=600|rep=8,all_on_rl,30,600,8,49,4,incomplete,,,1
all_on_rl__r30__arr600__rep009__261a6d9c2cf5,all_on_rl|robots=30|order_rate=600|rep=9,all_on_rl,30,600,9,50,4,incomplete,,,1
all_on_rl__r30__arr600__rep010__e3c567a20c11,all_on_rl|robots=30|order_rate=600|rep=10,all_on_rl,30,600,10,51,4,incomplete,,,1
all_on_rl__r30__arr600__rep011__371263a43d0d,all_on_rl|robots=30|order_rate=600|rep=11,all_on_rl,30,600,11,52,4,incomplete,,,2
all_on_rl__r30__arr600__rep012__d5585aad7318,all_on_rl|robots=30|order_rate=600|rep=12,all_on_rl,30,600,12,53,4,incomplete,,,1
all_on_rl__r30__arr600__rep013__587a4f8cb453,all_on_rl|robots=30|order_rate=600|rep=13,all_on_rl,30,600,13,54,4,incomplete,,,1
all_on_rl__r30__arr600__rep014__8b6533f661bf,all_on_rl|robots=30|order_rate=600|rep=14,all_on_rl,30,600,14,55,4,incomplete,,,1
all_on_rl__r30__arr600__rep015__7d9f72be923d,all_on_rl|robots=30|order_rate=600|rep=15,all_on_rl,30,600,15,56,4,incomplete,,,1
all_on_rl__r30__arr600__rep016__c319c3cae74d,all_on_rl|robots=30|order_rate=600|rep=16,all_on_rl,30,600,16,57,4,incomplete,,,1
all_on_rl__r30__arr600__rep017__3a70a1532489,all_on_rl|robots=30|order_rate=600|rep=17,all_on_rl,30,600,17,58,4,incomplete,,,2
all_on_rl__r30__arr600__rep018__612f4ba37482,all_on_rl|robots=30|order_rate=600|rep=18,all_on_rl,30,600,18,59,4,incomplete,,,1
all_on_rl__r30__arr600__rep019__3adf2c1c7a65,all_on_rl|robots=30|order_rate=600|rep=19,all_on_rl,30,600,19,60,4,incomplete,,,1
all_on_rl__r30__arr600__rep020__3f66c2386e0d,all_on_rl|robots=30|order_rate=600|rep=20,all_on_rl,30,600,20,61,4,incomplete,,,1
